sampleid,sample_type,study,transit,swab_type,filter_type,location,boat,time,collection_order
bilgedribblet0t2,bilgedribble,ChesapeakeBay,two,drip,drip,Norfolk,Callinectes,zero,NA
bilgedribbletft2,bilgedribble,ChesapeakeBay,two,drip,drip,Norfolk,Callinectes,final,NA
blank1,blank,ChesapeakeBay,NA,NA,NA,NA,NA,NA,NA
blank10,blank,ChesapeakeBay,NA,NA,NA,NA,NA,NA,NA
blank11,blank,ChesapeakeBay,NA,NA,NA,NA,NA,NA,NA
blank12,blank,ChesapeakeBay,NA,NA,NA,NA,NA,NA,NA
blank13,blank,ChesapeakeBay,NA,NA,NA,NA,NA,NA,NA
blank14,blank,ChesapeakeBay,NA,NA,NA,NA,NA,NA,NA
blank15,blank,ChesapeakeBay,NA,NA,NA,NA,NA,NA,NA
blank16,blank,ChesapeakeBay,NA,NA,NA,NA,NA,NA,NA
blank17,blank,ChesapeakeBay,NA,NA,NA,NA,NA,NA,NA
blank18A,blank,ChesapeakeBay,NA,NA,NA,NA,NA,NA,NA
blank18B,blank,ChesapeakeBay,NA,NA,NA,NA,NA,NA,NA
blank19,blank,ChesapeakeBay,NA,NA,NA,NA,NA,NA,NA
blank2,blank,ChesapeakeBay,NA,NA,NA,NA,NA,NA,NA
blank20,blank,ChesapeakeBay,NA,NA,NA,NA,NA,NA,NA
blank21A,blank,ChesapeakeBay,NA,NA,NA,NA,NA,NA,NA
blank21B,blank,ChesapeakeBay,NA,NA,NA,NA,NA,NA,NA
blank23A,blank,ChesapeakeBay,NA,NA,NA,NA,NA,NA,NA
blank23B,blank,ChesapeakeBay,NA,NA,NA,NA,NA,NA,NA
blank24,blank,ChesapeakeBay,NA,NA,NA,NA,NA,NA,NA
blank25,blank,ChesapeakeBay,NA,NA,NA,NA,NA,NA,NA
blank26A,blank,ChesapeakeBay,NA,NA,NA,NA,NA,NA,NA
blank26B,blank,ChesapeakeBay,NA,NA,NA,NA,NA,NA,NA
blank27A,blank,ChesapeakeBay,NA,NA,NA,NA,NA,NA,NA
blank27B,blank,ChesapeakeBay,NA,NA,NA,NA,NA,NA,NA
blank28A,blank,ChesapeakeBay,NA,NA,NA,NA,NA,NA,NA
blank29A,blank,ChesapeakeBay,NA,NA,NA,NA,NA,NA,NA
blank29B,blank,ChesapeakeBay,NA,NA,NA,NA,NA,NA,NA
blank30,blank,ChesapeakeBay,NA,NA,NA,NA,NA,NA,NA
blank31r1,blank,ChesapeakeBay,NA,NA,NA,NA,NA,NA,NA
blank3r1,blank,ChesapeakeBay,NA,NA,NA,NA,NA,NA,NA
blank4,blank,ChesapeakeBay,NA,NA,NA,NA,NA,NA,NA
blank6,blank,ChesapeakeBay,NA,NA,NA,NA,NA,NA,NA
blank7,blank,ChesapeakeBay,NA,NA,NA,NA,NA,NA,NA
blank8,blank,ChesapeakeBay,NA,NA,NA,NA,NA,NA,NA
blank9,blank,ChesapeakeBay,NA,NA,NA,NA,NA,NA,NA
c10t1bf,boat,ChesapeakeBay,one,bilgebiofilm,nonfilter,Baltimore,NA,NA,transit1_10
c10t1bw,boat,ChesapeakeBay,one,bilgewater,nonfilter,Baltimore,NA,NA,transit1_10
c10t1hull,boat,ChesapeakeBay,one,hull,nonfilter,Baltimore,Callinectes,NA,transit1_10
c10t1post,openwater,ChesapeakeBay,one,nonswab,post,Baltimore,NA,NA,transit1_10
c10t1pre,openwater,ChesapeakeBay,one,nonswab,pre,Baltimore,Callinectes,NA,transit1_10
c10t1rear,boat,ChesapeakeBay,one,rear,nonfilter,Baltimore,NA,NA,transit1_10
c10t2bf,boat,ChesapeakeBay,two,bilgebiofilm,nonfilter,Norfolk,NA,NA,transit2_11
c10t2bw,boat,ChesapeakeBay,two,bilgewater,nonfilter,Norfolk,NA,NA,transit2_11
c10t2hull,boat,ChesapeakeBay,two,hull,nonfilter,Norfolk,Callinectes,NA,transit2_11
c10t2post,openwater,ChesapeakeBay,two,nonswab,post,Norfolk,NA,NA,transit2_11
c10t2pre,openwater,ChesapeakeBay,two,nonswab,pre,Norfolk,Callinectes,NA,transit2_11
c10t2rear,boat,ChesapeakeBay,two,rear,nonfilter,Norfolk,NA,NA,transit2_11
c10t3bf,boat,ChesapeakeBay,three,bilgebiofilm,nonfilter,Baltimore,NA,NA,transit3_10
c10t3bw,boat,ChesapeakeBay,three,bilgewater,nonfilter,Baltimore,NA,NA,transit3_10
c10t3hull,boat,ChesapeakeBay,three,hull,nonfilter,Baltimore,Lookdown,NA,transit3_10
c10t3post,openwater,ChesapeakeBay,three,nonswab,post,Baltimore,Lookdown,NA,transit3_10
c10t3pre,openwater,ChesapeakeBay,three,nonswab,pre,Baltimore,Lookdown,NA,transit3_10
c10t3rear,boat,ChesapeakeBay,three,rear,nonfilter,Baltimore,Lookdown,NA,transit3_10
c10t4bf,boat,ChesapeakeBay,four,bilgebiofilm,nonfilter,Norfolk,Lookdown,NA,transit4_9
c10t4bw,boat,ChesapeakeBay,four,bilgewater,nonfilter,Norfolk,Lookdown,NA,transit4_9
c10t4hull,boat,ChesapeakeBay,four,hull,nonfilter,Norfolk,Lookdown,NA,transit4_9
c10t4post,openwater,ChesapeakeBay,four,nonswab,post,Norfolk,Lookdown,NA,transit4_9
c10t4pre,openwater,ChesapeakeBay,four,nonswab,pre,Norfolk,Lookdown,NA,transit4_9
c10t4rear,boat,ChesapeakeBay,four,rear,nonfilter,Norfolk,Lookdown,NA,transit4_9
c11t1bf,boat,ChesapeakeBay,one,bilgebiofilm,nonfilter,Baltimore,Callinectes,NA,transit1_11
c11t1bw,boat,ChesapeakeBay,one,bilgewater,nonfilter,Baltimore,Callinectes,NA,transit1_11
c11t1hull,boat,ChesapeakeBay,one,hull,nonfilter,Baltimore,Callinectes,NA,transit1_11
c11t1post,openwater,ChesapeakeBay,one,nonswab,post,Baltimore,Callinectes,NA,transit1_11
c11t1pre,openwater,ChesapeakeBay,one,nonswab,pre,Baltimore,Callinectes,NA,transit1_11
c11t1rear,boat,ChesapeakeBay,one,rear,nonfilter,Baltimore,Callinectes,NA,transit1_11
c11t2bf,boat,ChesapeakeBay,two,bilgebiofilm,nonfilter,Norfolk,Callinectes,NA,transit2_10
c11t2bw,boat,ChesapeakeBay,two,bilgewater,nonfilter,Norfolk,Callinectes,NA,transit2_10
c11t2hull,boat,ChesapeakeBay,two,hull,nonfilter,Norfolk,Callinectes,NA,transit2_10
c11t2post,openwater,ChesapeakeBay,two,nonswab,post,Norfolk,Callinectes,NA,transit2_10
c11t2pre,openwater,ChesapeakeBay,two,nonswab,pre,Norfolk,Callinectes,NA,transit2_10
c11t3bf,boat,ChesapeakeBay,three,bilgebiofilm,nonfilter,Baltimore,Lookdown,NA,transit3_11
c11t3bw,boat,ChesapeakeBay,three,bilgewater,nonfilter,Baltimore,Lookdown,NA,transit3_11
c11t3hull,boat,ChesapeakeBay,three,hull,nonfilter,Baltimore,Lookdown,NA,transit3_11
c11t3post,openwater,ChesapeakeBay,three,nonswab,post,Baltimore,Lookdown,NA,transit3_11
c11t3pre,openwater,ChesapeakeBay,three,nonswab,pre,Baltimore,Lookdown,NA,transit3_11
c11t3rear,boat,ChesapeakeBay,three,rear,nonfilter,Baltimore,Lookdown,NA,transit3_11
c11t4bf,boat,ChesapeakeBay,four,bilgebiofilm,nonfilter,Norfolk,Lookdown,NA,transit4_10
c11t4bw,boat,ChesapeakeBay,four,bilgewater,nonfilter,Norfolk,Lookdown,NA,transit4_10
c11t4hull,boat,ChesapeakeBay,four,hull,nonfilter,Norfolk,Lookdown,NA,transit4_10
c11t4post,openwater,ChesapeakeBay,four,nonswab,post,Norfolk,Lookdown,NA,transit4_10
c11t4pre,openwater,ChesapeakeBay,four,nonswab,pre,Norfolk,Lookdown,NA,transit4_10
c11t4rear,boat,ChesapeakeBay,four,rear,nonfilter,Norfolk,Lookdown,NA,transit4_10
c12t1bf,boat,ChesapeakeBay,one,bilgebiofilm,nonfilter,Baltimore,Callinectes,NA,transit1_12
c12t1bw,boat,ChesapeakeBay,one,bilgewater,nonfilter,Baltimore,Callinectes,NA,transit1_12
c12t1hull,boat,ChesapeakeBay,one,hull,nonfilter,Baltimore,Callinectes,NA,transit1_12
c12t1post,openwater,ChesapeakeBay,one,nonswab,post,Baltimore,Callinectes,NA,transit1_12
c12t1pre,openwater,ChesapeakeBay,one,nonswab,pre,Baltimore,Callinectes,NA,transit1_12
c12t1rear,boat,ChesapeakeBay,one,rear,nonfilter,Baltimore,Callinectes,NA,transit1_12
c12t3bf,boat,ChesapeakeBay,three,bilgebiofilm,nonfilter,Baltimore,Lookdown,NA,transit3_12
c12t3bw,boat,ChesapeakeBay,three,bilgewater,nonfilter,Baltimore,Lookdown,NA,transit3_12
c12t3hull,boat,ChesapeakeBay,three,hull,nonfilter,Baltimore,Lookdown,NA,transit3_12
c12t3post,openwater,ChesapeakeBay,three,nonswab,post,Baltimore,Lookdown,NA,transit3_12
c12t3pre,openwater,ChesapeakeBay,three,nonswab,pre,Baltimore,Lookdown,NA,transit3_12
c12t3rear,boat,ChesapeakeBay,three,rear,nonfilter,Baltimore,Lookdown,NA,transit3_12
c13t1bf,boat,ChesapeakeBay,one,bilgebiofilm,nonfilter,Baltimore,Callinectes,NA,transit1_13
c13t1bw,boat,ChesapeakeBay,one,bilgewater,nonfilter,Baltimore,Callinectes,NA,transit1_13
c13t1hull,boat,ChesapeakeBay,one,hull,nonfilter,Baltimore,Callinectes,NA,transit1_13
c13t1post,openwater,ChesapeakeBay,one,nonswab,post,Baltimore,Callinectes,NA,transit1_13
c13t1pre,openwater,ChesapeakeBay,one,nonswab,pre,Baltimore,Callinectes,NA,transit1_13
c13t1rear,boat,ChesapeakeBay,one,rear,nonfilter,Baltimore,Callinectes,NA,transit1_13
c13t2bf,boat,ChesapeakeBay,two,bilgebiofilm,nonfilter,Norfolk,Callinectes,NA,transit2_9
c13t2bw,boat,ChesapeakeBay,two,bilgewater,nonfilter,Norfolk,Callinectes,NA,transit2_9
c13t2hull,boat,ChesapeakeBay,two,hull,nonfilter,Norfolk,Callinectes,NA,transit2_9
c13t2post,openwater,ChesapeakeBay,two,nonswab,post,Norfolk,Callinectes,NA,transit2_9
c13t2pre,openwater,ChesapeakeBay,two,nonswab,pre,Norfolk,Callinectes,NA,transit2_9
c13t2rear,boat,ChesapeakeBay,two,rear,nonfilter,Norfolk,Callinectes,NA,transit2_9
c13t3bf,boat,ChesapeakeBay,three,bilgebiofilm,nonfilter,Baltimore,Lookdown,NA,transit3_13
c13t3bw,boat,ChesapeakeBay,three,bilgewater,nonfilter,Baltimore,Lookdown,NA,transit3_13
c13t3hull,boat,ChesapeakeBay,three,hull,nonfilter,Baltimore,Lookdown,NA,transit3_13
c13t3post,openwater,ChesapeakeBay,three,nonswab,post,Baltimore,Lookdown,NA,transit3_13
c13t3pre,openwater,ChesapeakeBay,three,nonswab,pre,Baltimore,Lookdown,NA,transit3_13
c13t3rear,boat,ChesapeakeBay,three,rear,nonfilter,Baltimore,Lookdown,NA,transit3_13
c13t4bf,boat,ChesapeakeBay,four,bilgebiofilm,nonfilter,Norfolk,Lookdown,NA,transit4_9
c13t4bw,boat,ChesapeakeBay,four,bilgewater,nonfilter,Norfolk,Lookdown,NA,transit4_9
c13t4hull,boat,ChesapeakeBay,four,hull,nonfilter,Norfolk,Lookdown,NA,transit4_9
c13t4post,openwater,ChesapeakeBay,four,nonswab,post,Norfolk,Lookdown,NA,transit4_9
c13t4pre,openwater,ChesapeakeBay,four,nonswab,pre,Norfolk,Lookdown,NA,transit4_9
c13t4rear,boat,ChesapeakeBay,four,rear,nonfilter,Norfolk,Lookdown,NA,transit4_9
c14t1bf,boat,ChesapeakeBay,one,bilgebiofilm,nonfilter,Baltimore,Callinectes,NA,transit1_14
c14t1bw,boat,ChesapeakeBay,one,bilgewater,nonfilter,Baltimore,Callinectes,NA,transit1_14
c14t1hull,boat,ChesapeakeBay,one,hull,nonfilter,Baltimore,Callinectes,NA,transit1_14
c14t1post,openwater,ChesapeakeBay,one,nonswab,post,Baltimore,Callinectes,NA,transit1_14
c14t1pre,openwater,ChesapeakeBay,one,nonswab,pre,Baltimore,Callinectes,NA,transit1_14
c14t1rear,boat,ChesapeakeBay,one,rear,nonfilter,Baltimore,Callinectes,NA,transit1_14
c14t3bf,boat,ChesapeakeBay,three,bilgebiofilm,nonfilter,Baltimore,Lookdown,NA,transit3_14
c14t3bw,boat,ChesapeakeBay,three,bilgewater,nonfilter,Baltimore,Lookdown,NA,transit3_14
c14t3hull,boat,ChesapeakeBay,three,hull,nonfilter,Baltimore,Lookdown,NA,transit3_14
c14t3post,openwater,ChesapeakeBay,three,nonswab,post,Baltimore,Lookdown,NA,transit3_14
c14t3pre,openwater,ChesapeakeBay,three,nonswab,pre,Baltimore,Lookdown,NA,transit3_14
c14t3rear,boat,ChesapeakeBay,three,rear,nonfilter,Baltimore,Lookdown,NA,transit3_14
c15t1bf,boat,ChesapeakeBay,one,bilgebiofilm,nonfilter,Baltimore,Callinectes,NA,transit1_15
c15t1bw,boat,ChesapeakeBay,one,bilgewater,nonfilter,Baltimore,Callinectes,NA,transit1_15
c15t1hull,boat,ChesapeakeBay,one,hull,nonfilter,Baltimore,Callinectes,NA,transit1_15
c15t1post,openwater,ChesapeakeBay,one,nonswab,post,Baltimore,Callinectes,NA,transit1_15
c15t1pre,openwater,ChesapeakeBay,one,nonswab,pre,Baltimore,Callinectes,NA,transit1_15
c15t1rear,boat,ChesapeakeBay,one,rear,nonfilter,Baltimore,Callinectes,NA,transit1_15
c15t2bf,boat,ChesapeakeBay,two,bilgebiofilm,nonfilter,Norfolk,Callinectes,NA,transit2_8
c15t2bw,boat,ChesapeakeBay,two,bilgewater,nonfilter,Norfolk,Callinectes,NA,transit2_8
c15t2hull,boat,ChesapeakeBay,two,hull,nonfilter,Norfolk,Callinectes,NA,transit2_8
c15t2post,openwater,ChesapeakeBay,two,nonswab,post,Norfolk,Callinectes,NA,transit2_8
c15t2pre,openwater,ChesapeakeBay,two,nonswab,pre,Norfolk,Callinectes,NA,transit2_8
c15t2rear,boat,ChesapeakeBay,two,rear,nonfilter,Norfolk,Callinectes,NA,transit2_8
c15t3bf,boat,ChesapeakeBay,three,bilgebiofilm,nonfilter,Baltimore,Lookdown,NA,transit3_15
c15t3bw,boat,ChesapeakeBay,three,bilgewater,nonfilter,Baltimore,Lookdown,NA,transit3_15
c15t3hull,boat,ChesapeakeBay,three,hull,nonfilter,Baltimore,Lookdown,NA,transit3_15
c15t3post,openwater,ChesapeakeBay,three,nonswab,post,Baltimore,Lookdown,NA,transit3_15
c15t3pre,openwater,ChesapeakeBay,three,nonswab,pre,Baltimore,Lookdown,NA,transit3_15
c15t3rear,boat,ChesapeakeBay,three,rear,nonfilter,Baltimore,Lookdown,NA,transit3_15
c15t4bf,boat,ChesapeakeBay,four,bilgebiofilm,nonfilter,Norfolk,Lookdown,NA,transit4_8
c15t4bw,boat,ChesapeakeBay,four,bilgewater,nonfilter,Norfolk,Lookdown,NA,transit4_8
c15t4hull,boat,ChesapeakeBay,four,hull,nonfilter,Norfolk,Lookdown,NA,transit4_8
c15t4post,openwater,ChesapeakeBay,four,nonswab,post,Norfolk,Lookdown,NA,transit4_8
c15t4pre,openwater,ChesapeakeBay,four,nonswab,pre,Norfolk,Lookdown,NA,transit4_8
c15t4rear,boat,ChesapeakeBay,four,rear,nonfilter,Norfolk,Lookdown,NA,transit4_8
c16t1bf,boat,ChesapeakeBay,one,bilgebiofilm,nonfilter,Baltimore,Callinectes,NA,transit1_16
c16t1bw,boat,ChesapeakeBay,one,bilgewater,nonfilter,Baltimore,Callinectes,NA,transit1_16
c16t1hull,boat,ChesapeakeBay,one,hull,nonfilter,Baltimore,Callinectes,NA,transit1_16
c16t1post,openwater,ChesapeakeBay,one,nonswab,post,Baltimore,Callinectes,NA,transit1_16
c16t1pre,openwater,ChesapeakeBay,one,nonswab,pre,Baltimore,Callinectes,NA,transit1_16
c16t1rear,boat,ChesapeakeBay,one,rear,nonfilter,Baltimore,Callinectes,NA,transit1_16
c16t3bf,boat,ChesapeakeBay,three,bilgebiofilm,nonfilter,Baltimore,Lookdown,NA,transit3_16
c16t3bw,boat,ChesapeakeBay,three,bilgewater,nonfilter,Baltimore,Lookdown,NA,transit3_16
c16t3hull,boat,ChesapeakeBay,three,hull,nonfilter,Baltimore,Lookdown,NA,transit3_16
c16t3post,openwater,ChesapeakeBay,three,nonswab,post,Baltimore,Lookdown,NA,transit3_16
c16t3pre,openwater,ChesapeakeBay,three,nonswab,pre,Baltimore,Lookdown,NA,transit3_16
c16t3rear,boat,ChesapeakeBay,three,rear,nonfilter,Baltimore,Lookdown,NA,transit3_16
c17t1bf,boat,ChesapeakeBay,one,bilgebiofilm,nonfilter,Baltimore,Callinectes,NA,transit1_17
c17t1bw,boat,ChesapeakeBay,one,bilgewater,nonfilter,Baltimore,Callinectes,NA,transit1_17
c17t1hull,boat,ChesapeakeBay,one,hull,nonfilter,Baltimore,Callinectes,NA,transit1_17
c17t1post,openwater,ChesapeakeBay,one,nonswab,post,Baltimore,Callinectes,NA,transit1_17
c17t1pre,openwater,ChesapeakeBay,one,nonswab,pre,Baltimore,Callinectes,NA,transit1_17
c17t1rear,boat,ChesapeakeBay,one,rear,nonfilter,Baltimore,Callinectes,NA,transit1_17
c17t2bf,boat,ChesapeakeBay,two,bilgebiofilm,nonfilter,Norfolk,Callinectes,NA,transit2_7
c17t2bw,boat,ChesapeakeBay,two,bilgewater,nonfilter,Norfolk,Callinectes,NA,transit2_7
c17t2post,openwater,ChesapeakeBay,two,nonswab,post,Norfolk,Callinectes,NA,transit2_7
c17t2pre,openwater,ChesapeakeBay,two,nonswab,pre,Norfolk,Callinectes,NA,transit2_7
c17t2rear,boat,ChesapeakeBay,two,rear,nonfilter,Norfolk,Callinectes,NA,transit2_7
c17t3bf,boat,ChesapeakeBay,three,bilgebiofilm,nonfilter,Baltimore,Lookdown,NA,transit3_17
c17t3bw,boat,ChesapeakeBay,three,bilgewater,nonfilter,Baltimore,Lookdown,NA,transit3_17
c17t3hull,boat,ChesapeakeBay,three,hull,nonfilter,Baltimore,Lookdown,NA,transit3_17
c17t3post,openwater,ChesapeakeBay,three,nonswab,post,Baltimore,Lookdown,NA,transit3_17
c17t3pre,openwater,ChesapeakeBay,three,nonswab,pre,Baltimore,Lookdown,NA,transit3_17
c17t3rear,boat,ChesapeakeBay,three,rear,nonfilter,Baltimore,Lookdown,NA,transit3_17
c17t4bf,boat,ChesapeakeBay,four,bilgebiofilm,nonfilter,Norfolk,Lookdown,NA,transit4_7
c17t4bw,boat,ChesapeakeBay,four,bilgewater,nonfilter,Norfolk,Lookdown,NA,transit4_7
c17t4hull,boat,ChesapeakeBay,four,hull,nonfilter,Norfolk,Lookdown,NA,transit4_7
c17t4post,openwater,ChesapeakeBay,four,nonswab,post,Norfolk,Lookdown,NA,transit4_7
c17t4pre,openwater,ChesapeakeBay,four,nonswab,pre,Norfolk,Lookdown,NA,transit4_7
c17t4rear,boat,ChesapeakeBay,four,rear,nonfilter,Norfolk,Lookdown,NA,transit4_7
c18t1bf,boat,ChesapeakeBay,one,bilgebiofilm,nonfilter,Baltimore,Callinectes,NA,transit1_18
c18t1bw,boat,ChesapeakeBay,one,bilgewater,nonfilter,Baltimore,Callinectes,NA,transit1_18
c18t1hull,boat,ChesapeakeBay,one,hull,nonfilter,Baltimore,Callinectes,NA,transit1_18
c18t1post,openwater,ChesapeakeBay,one,nonswab,post,Baltimore,Callinectes,NA,transit1_18
c18t1pre,openwater,ChesapeakeBay,one,nonswab,pre,Baltimore,Callinectes,NA,transit1_18
c18t1rear,boat,ChesapeakeBay,one,rear,nonfilter,Baltimore,Callinectes,NA,transit1_18
c18t3bf,boat,ChesapeakeBay,three,bilgebiofilm,nonfilter,Baltimore,Lookdown,NA,transit3_18
c18t3bw,boat,ChesapeakeBay,three,bilgewater,nonfilter,Baltimore,Lookdown,NA,transit3_18
c18t3hull,boat,ChesapeakeBay,three,hull,nonfilter,Baltimore,Lookdown,NA,transit3_18
c18t3post,openwater,ChesapeakeBay,three,nonswab,post,Baltimore,Lookdown,NA,transit3_18
c18t3pre,openwater,ChesapeakeBay,three,nonswab,pre,Baltimore,Lookdown,NA,transit3_18
c18t3rear,boat,ChesapeakeBay,three,rear,nonfilter,Baltimore,Lookdown,NA,transit3_18
c19t1bf,boat,ChesapeakeBay,one,bilgebiofilm,nonfilter,Baltimore,Callinectes,NA,transit1_19
c19t1bw,boat,ChesapeakeBay,one,bilgewater,nonfilter,Baltimore,Callinectes,NA,transit1_19
c19t1post,openwater,ChesapeakeBay,one,nonswab,post,Baltimore,Callinectes,NA,transit1_19
c19t1pre,openwater,ChesapeakeBay,one,nonswab,pre,Baltimore,Callinectes,NA,transit1_19
c19t2bf,boat,ChesapeakeBay,two,bilgebiofilm,nonfilter,Norfolk,Callinectes,NA,transit2_6
c19t2bw,boat,ChesapeakeBay,two,bilgewater,nonfilter,Norfolk,Callinectes,NA,transit2_6
c19t2hull,boat,ChesapeakeBay,two,hull,nonfilter,Norfolk,Callinectes,NA,transit2_6
c19t2post,openwater,ChesapeakeBay,two,nonswab,post,Norfolk,Callinectes,NA,transit2_6
c19t2pre,openwater,ChesapeakeBay,two,nonswab,pre,Norfolk,Callinectes,NA,transit2_6
c19t2rear,boat,ChesapeakeBay,two,rear,nonfilter,Norfolk,Callinectes,NA,transit2_6
c19t3bf,boat,ChesapeakeBay,three,bilgebiofilm,nonfilter,Baltimore,Lookdown,NA,transit3_19
c19t3bw,boat,ChesapeakeBay,three,bilgewater,nonfilter,Baltimore,Lookdown,NA,transit3_19
c19t3hull,boat,ChesapeakeBay,three,hull,nonfilter,Baltimore,Lookdown,NA,transit3_19
c19t3post,openwater,ChesapeakeBay,three,nonswab,post,Baltimore,Lookdown,NA,transit3_19
c19t3pre,openwater,ChesapeakeBay,three,nonswab,pre,Baltimore,Lookdown,NA,transit3_19
c19t3rear,boat,ChesapeakeBay,three,rear,nonfilter,Baltimore,Lookdown,NA,transit3_19
c19t4bf,boat,ChesapeakeBay,four,bilgebiofilm,nonfilter,Norfolk,Lookdown,NA,transit4_6
c19t4bw,boat,ChesapeakeBay,four,bilgewater,nonfilter,Norfolk,Lookdown,NA,transit4_6
c19t4hull,boat,ChesapeakeBay,four,hull,nonfilter,Norfolk,Lookdown,NA,transit4_6
c19t4post,openwater,ChesapeakeBay,four,nonswab,post,Norfolk,Lookdown,NA,transit4_6
c19t4pre,openwater,ChesapeakeBay,four,nonswab,pre,Norfolk,Lookdown,NA,transit4_6
c19t4rear,boat,ChesapeakeBay,four,rear,nonfilter,Norfolk,Lookdown,NA,transit4_6
c1t1bf,boat,ChesapeakeBay,one,bilgebiofilm,nonfilter,Baltimore,Callinectes,NA,transit1_1
c1t1bw,boat,ChesapeakeBay,one,bilgewater,nonfilter,Baltimore,Callinectes,NA,transit1_1
c1t1hull,boat,ChesapeakeBay,one,hull,nonfilter,Baltimore,Callinectes,NA,transit1_1
c1t1post,openwater,ChesapeakeBay,one,nonswab,post,Baltimore,Callinectes,NA,transit1_1
c1t1pre,openwater,ChesapeakeBay,one,nonswab,pre,Baltimore,Callinectes,NA,transit1_1
c1t1rear,boat,ChesapeakeBay,one,rear,nonfilter,Baltimore,Callinectes,NA,transit1_1
c1t3bf,boat,ChesapeakeBay,three,bilgebiofilm,nonfilter,Baltimore,Lookdown,NA,transit3_1
c1t3bw,boat,ChesapeakeBay,three,bilgewater,nonfilter,Baltimore,Lookdown,NA,transit3_1
c1t3hull,boat,ChesapeakeBay,three,hull,nonfilter,Baltimore,Lookdown,NA,transit3_1
c1t3post,openwater,ChesapeakeBay,three,nonswab,post,Baltimore,Lookdown,NA,transit3_1
c1t3pre,openwater,ChesapeakeBay,three,nonswab,pre,Baltimore,Lookdown,NA,transit3_1
c1t3rear,boat,ChesapeakeBay,three,rear,nonfilter,Baltimore,Lookdown,NA,transit3_1
c20t1bf,boat,ChesapeakeBay,one,bilgebiofilm,nonfilter,Baltimore,Callinectes,NA,transit1_20
c20t1bw,boat,ChesapeakeBay,one,bilgewater,nonfilter,Baltimore,Callinectes,NA,transit1_20
c20t1hull,boat,ChesapeakeBay,one,hull,nonfilter,Baltimore,Callinectes,NA,transit1_20
c20t1post,openwater,ChesapeakeBay,one,nonswab,post,Baltimore,Callinectes,NA,transit1_20
c20t1pre,openwater,ChesapeakeBay,one,nonswab,pre,Baltimore,Callinectes,NA,transit1_20
c20t1rear,boat,ChesapeakeBay,one,rear,nonfilter,Baltimore,Callinectes,NA,transit1_20
c20t3bf,boat,ChesapeakeBay,three,bilgebiofilm,nonfilter,Baltimore,Lookdown,NA,transit3_20
c20t3bw,boat,ChesapeakeBay,three,bilgewater,nonfilter,Baltimore,Lookdown,NA,transit3_20
c20t3hull,boat,ChesapeakeBay,three,hull,nonfilter,Baltimore,Lookdown,NA,transit3_20
c20t3post,openwater,ChesapeakeBay,three,nonswab,post,Baltimore,Lookdown,NA,transit3_20
c20t3pre,openwater,ChesapeakeBay,three,nonswab,pre,Baltimore,Lookdown,NA,transit3_20
c20t3rear,boat,ChesapeakeBay,three,rear,nonfilter,Baltimore,Lookdown,NA,transit3_20
c21t1bf,boat,ChesapeakeBay,one,bilgebiofilm,nonfilter,Baltimore,Callinectes,NA,transit1_21
c21t1bw,boat,ChesapeakeBay,one,bilgewater,nonfilter,Baltimore,Callinectes,NA,transit1_21
c21t1hull,boat,ChesapeakeBay,one,hull,nonfilter,Baltimore,Callinectes,NA,transit1_21
c21t1post,openwater,ChesapeakeBay,one,nonswab,post,Baltimore,Callinectes,NA,transit1_21
c21t1pre,openwater,ChesapeakeBay,one,nonswab,pre,Baltimore,Callinectes,NA,transit1_21
c21t1rear,boat,ChesapeakeBay,one,rear,nonfilter,Baltimore,Callinectes,NA,transit1_21
c21t2bf,boat,ChesapeakeBay,two,bilgebiofilm,nonfilter,Norfolk,Callinectes,NA,transit2_5
c21t2bw,boat,ChesapeakeBay,two,bilgewater,nonfilter,Norfolk,Callinectes,NA,transit2_5
c21t2hull,boat,ChesapeakeBay,two,hull,nonfilter,Norfolk,Callinectes,NA,transit2_5
c21t2post,openwater,ChesapeakeBay,two,nonswab,post,Norfolk,Callinectes,NA,transit2_5
c21t2pre,openwater,ChesapeakeBay,two,nonswab,pre,Norfolk,Callinectes,NA,transit2_5
c21t2rear,boat,ChesapeakeBay,two,rear,nonfilter,Norfolk,Callinectes,NA,transit2_5
c21t3bf,boat,ChesapeakeBay,three,bilgebiofilm,nonfilter,Baltimore,Lookdown,NA,transit3_21
c21t3bw,boat,ChesapeakeBay,three,bilgewater,nonfilter,Baltimore,Lookdown,NA,transit3_21
c21t3hull,boat,ChesapeakeBay,three,hull,nonfilter,Baltimore,Lookdown,NA,transit3_21
c21t3post,openwater,ChesapeakeBay,three,nonswab,post,Baltimore,Lookdown,NA,transit3_21
c21t3pre,openwater,ChesapeakeBay,three,nonswab,pre,Baltimore,Lookdown,NA,transit3_21
c21t3rear,boat,ChesapeakeBay,three,rear,nonfilter,Baltimore,Lookdown,NA,transit3_21
c21t4bf,boat,ChesapeakeBay,four,bilgebiofilm,nonfilter,Norfolk,Lookdown,NA,transit4_5
c21t4bw,boat,ChesapeakeBay,four,bilgewater,nonfilter,Norfolk,Lookdown,NA,transit4_5
c21t4hull,boat,ChesapeakeBay,four,hull,nonfilter,Norfolk,Lookdown,NA,transit4_5
c21t4post,openwater,ChesapeakeBay,four,nonswab,post,Norfolk,Lookdown,NA,transit4_5
c21t4pre,openwater,ChesapeakeBay,four,nonswab,pre,Norfolk,Lookdown,NA,transit4_5
c21t4rear,boat,ChesapeakeBay,four,rear,nonfilter,Norfolk,Lookdown,NA,transit4_5
c22t1bf,boat,ChesapeakeBay,one,bilgebiofilm,nonfilter,Baltimore,Callinectes,NA,transit1_22
c22t1bw,boat,ChesapeakeBay,one,bilgewater,nonfilter,Baltimore,Callinectes,NA,transit1_22
c22t1hull,boat,ChesapeakeBay,one,hull,nonfilter,Baltimore,Callinectes,NA,transit1_22
c22t1post,openwater,ChesapeakeBay,one,nonswab,post,Baltimore,Callinectes,NA,transit1_22
c22t1pre,openwater,ChesapeakeBay,one,nonswab,pre,Baltimore,Callinectes,NA,transit1_22
c22t1rear,boat,ChesapeakeBay,one,rear,nonfilter,Baltimore,Callinectes,NA,transit1_22
c22t3bf,boat,ChesapeakeBay,three,bilgebiofilm,nonfilter,Baltimore,Lookdown,NA,transit3_22
c22t3bw,boat,ChesapeakeBay,three,bilgewater,nonfilter,Baltimore,Lookdown,NA,transit3_22
c22t3hull,boat,ChesapeakeBay,three,hull,nonfilter,Baltimore,Lookdown,NA,transit3_22
c22t3post,openwater,ChesapeakeBay,three,nonswab,post,Baltimore,Lookdown,NA,transit3_22
c22t3pre,openwater,ChesapeakeBay,three,nonswab,pre,Baltimore,Lookdown,NA,transit3_22
c22t3rear,boat,ChesapeakeBay,three,rear,nonfilter,Baltimore,Lookdown,NA,transit3_22
c23t1bf,boat,ChesapeakeBay,one,bilgebiofilm,nonfilter,Baltimore,Callinectes,NA,transit1_23
c23t1bw,boat,ChesapeakeBay,one,bilgewater,nonfilter,Baltimore,Callinectes,NA,transit1_23
c23t1hull,boat,ChesapeakeBay,one,hull,nonfilter,Baltimore,Callinectes,NA,transit1_23
c23t1post,openwater,ChesapeakeBay,one,nonswab,post,Baltimore,Callinectes,NA,transit1_23
c23t1pre,openwater,ChesapeakeBay,one,nonswab,pre,Baltimore,Callinectes,NA,transit1_23
c23t1rear,boat,ChesapeakeBay,one,rear,nonfilter,Baltimore,Callinectes,NA,transit1_23
c23t2bf,boat,ChesapeakeBay,two,bilgebiofilm,nonfilter,Norfolk,Callinectes,NA,transit2_4
c23t2bw,boat,ChesapeakeBay,two,bilgewater,nonfilter,Norfolk,Callinectes,NA,transit2_4
c23t2post,openwater,ChesapeakeBay,two,nonswab,post,Norfolk,Callinectes,NA,transit2_4
c23t2pre,openwater,ChesapeakeBay,two,nonswab,pre,Norfolk,Callinectes,NA,transit2_4
c23t2rear,boat,ChesapeakeBay,two,rear,nonfilter,Norfolk,Callinectes,NA,transit2_4
c23t3bf,boat,ChesapeakeBay,three,bilgebiofilm,nonfilter,Baltimore,Lookdown,NA,transit3_23
c23t3bw,boat,ChesapeakeBay,three,bilgewater,nonfilter,Baltimore,Lookdown,NA,transit3_23
c23t3hull,boat,ChesapeakeBay,three,hull,nonfilter,Baltimore,Lookdown,NA,transit3_23
c23t3post,openwater,ChesapeakeBay,three,nonswab,post,Baltimore,Lookdown,NA,transit3_23
c23t3pre,openwater,ChesapeakeBay,three,nonswab,pre,Baltimore,Lookdown,NA,transit3_23
c23t3rear,boat,ChesapeakeBay,three,rear,nonfilter,Baltimore,Lookdown,NA,transit3_23
c23t4bf,boat,ChesapeakeBay,four,bilgebiofilm,nonfilter,Norfolk,Lookdown,NA,transit4_4
c23t4bw,boat,ChesapeakeBay,four,bilgewater,nonfilter,Norfolk,Lookdown,NA,transit4_4
c23t4hull,boat,ChesapeakeBay,four,hull,nonfilter,Norfolk,Lookdown,NA,transit4_4
c23t4post,openwater,ChesapeakeBay,four,nonswab,post,Norfolk,Lookdown,NA,transit4_4
c23t4pre,openwater,ChesapeakeBay,four,nonswab,pre,Norfolk,Lookdown,NA,transit4_4
c23t4rear,boat,ChesapeakeBay,four,rear,nonfilter,Norfolk,Lookdown,NA,transit4_4
c24t1bf,boat,ChesapeakeBay,one,bilgebiofilm,nonfilter,Baltimore,Callinectes,NA,transit1_24
c24t1bw,boat,ChesapeakeBay,one,bilgewater,nonfilter,Baltimore,Callinectes,NA,transit1_24
c24t1hull,boat,ChesapeakeBay,one,hull,nonfilter,Baltimore,Callinectes,NA,transit1_24
c24t1post,openwater,ChesapeakeBay,one,nonswab,post,Baltimore,Callinectes,NA,transit1_24
c24t1pre,openwater,ChesapeakeBay,one,nonswab,pre,Baltimore,Callinectes,NA,transit1_24
c24t1rear,boat,ChesapeakeBay,one,rear,nonfilter,Baltimore,Callinectes,NA,transit1_24
c24t3bf,boat,ChesapeakeBay,three,bilgebiofilm,nonfilter,Baltimore,Lookdown,NA,transit3_24
c24t3bw,boat,ChesapeakeBay,three,bilgewater,nonfilter,Baltimore,Lookdown,NA,transit3_24
c24t3hull,boat,ChesapeakeBay,three,hull,nonfilter,Baltimore,Lookdown,NA,transit3_24
c24t3post,openwater,ChesapeakeBay,three,nonswab,post,Baltimore,Lookdown,NA,transit3_24
c24t3pre,openwater,ChesapeakeBay,three,nonswab,pre,Baltimore,Lookdown,NA,transit3_24
c24t3rear,boat,ChesapeakeBay,three,rear,nonfilter,Baltimore,Lookdown,NA,transit3_24
c25t1bf,boat,ChesapeakeBay,one,bilgebiofilm,nonfilter,Baltimore,Callinectes,NA,transit1_25
c25t1hull,boat,ChesapeakeBay,one,hull,nonfilter,Baltimore,Callinectes,NA,transit1_25
c25t1post,openwater,ChesapeakeBay,one,nonswab,post,Baltimore,Callinectes,NA,transit1_25
c25t1pre,openwater,ChesapeakeBay,one,nonswab,pre,Baltimore,Callinectes,NA,transit1_25
c25t1rear,boat,ChesapeakeBay,one,rear,nonfilter,Baltimore,Callinectes,NA,transit1_25
c25t2bf,boat,ChesapeakeBay,two,bilgebiofilm,nonfilter,Norfolk,Callinectes,NA,transit2_3
c25t2bw,boat,ChesapeakeBay,two,bilgewater,nonfilter,Norfolk,Callinectes,NA,transit2_3
c25t2hull,boat,ChesapeakeBay,two,hull,nonfilter,Norfolk,Callinectes,NA,transit2_3
c25t2post,openwater,ChesapeakeBay,two,nonswab,post,Norfolk,Callinectes,NA,transit2_3
c25t2pre,openwater,ChesapeakeBay,two,nonswab,pre,Norfolk,Callinectes,NA,transit2_3
c25t2rear,boat,ChesapeakeBay,two,rear,nonfilter,Norfolk,Callinectes,NA,transit2_3
c25t3bf,boat,ChesapeakeBay,three,bilgebiofilm,nonfilter,Baltimore,Lookdown,NA,transit3_25
c25t3bw,boat,ChesapeakeBay,three,bilgewater,nonfilter,Baltimore,Lookdown,NA,transit3_25
c25t3hull,boat,ChesapeakeBay,three,hull,nonfilter,Baltimore,Lookdown,NA,transit3_25
c25t3post,openwater,ChesapeakeBay,three,nonswab,post,Baltimore,Lookdown,NA,transit3_25
c25t3pre,openwater,ChesapeakeBay,three,nonswab,pre,Baltimore,Lookdown,NA,transit3_25
c25t3rear,boat,ChesapeakeBay,three,rear,nonfilter,Baltimore,Lookdown,NA,transit3_25
c25t4bf,boat,ChesapeakeBay,four,bilgebiofilm,nonfilter,Norfolk,Lookdown,NA,transit4_3
c25t4bw,boat,ChesapeakeBay,four,bilgewater,nonfilter,Norfolk,Lookdown,NA,transit4_3
c25t4hull,boat,ChesapeakeBay,four,hull,nonfilter,Norfolk,Lookdown,NA,transit4_3
c25t4post,openwater,ChesapeakeBay,four,nonswab,post,Norfolk,Lookdown,NA,transit4_3
c25t4pre,openwater,ChesapeakeBay,four,nonswab,pre,Norfolk,Lookdown,NA,transit4_3
c26t2bf,boat,ChesapeakeBay,two,bilgebiofilm,nonfilter,Norfolk,Callinectes,NA,transit2_2
c26t2bw,boat,ChesapeakeBay,two,bilgewater,nonfilter,Norfolk,Callinectes,NA,transit2_2
c26t2hull,boat,ChesapeakeBay,two,hull,nonfilter,Norfolk,Callinectes,NA,transit2_2
c26t2post,openwater,ChesapeakeBay,two,nonswab,post,Norfolk,Callinectes,NA,transit2_2
c26t2pre,openwater,ChesapeakeBay,two,nonswab,pre,Norfolk,Callinectes,NA,transit2_2
c26t2rear,boat,ChesapeakeBay,two,rear,nonfilter,Norfolk,Callinectes,NA,transit2_2
c26t4bf,boat,ChesapeakeBay,four,bilgebiofilm,nonfilter,Norfolk,Lookdown,NA,transit4_2
c26t4bw,boat,ChesapeakeBay,four,bilgewater,nonfilter,Norfolk,Lookdown,NA,transit4_2
c26t4hull,boat,ChesapeakeBay,four,hull,nonfilter,Norfolk,Lookdown,NA,transit4_2
c26t4post,openwater,ChesapeakeBay,four,nonswab,post,Norfolk,Lookdown,NA,transit4_2
c26t4pre,openwater,ChesapeakeBay,four,nonswab,pre,Norfolk,Lookdown,NA,transit4_2
c26t4rear,boat,ChesapeakeBay,four,rear,nonfilter,Norfolk,Lookdown,NA,transit4_2
c27t2bf,boat,ChesapeakeBay,two,bilgebiofilm,nonfilter,Norfolk,Callinectes,NA,transit2_1
c27t2bw,boat,ChesapeakeBay,two,bilgewater,nonfilter,Norfolk,Callinectes,NA,transit2_1
c27t2hull,boat,ChesapeakeBay,two,hull,nonfilter,Norfolk,Callinectes,NA,transit2_1
c27t2post,openwater,ChesapeakeBay,two,nonswab,post,Norfolk,Callinectes,NA,transit2_1
c27t2pre,openwater,ChesapeakeBay,two,nonswab,pre,Norfolk,Callinectes,NA,transit2_1
c27t2rear,boat,ChesapeakeBay,two,rear,nonfilter,Norfolk,Callinectes,NA,transit2_1
c27t4bf,boat,ChesapeakeBay,four,bilgebiofilm,nonfilter,Norfolk,Lookdown,NA,transit4_1
c27t4bw,boat,ChesapeakeBay,four,bilgewater,nonfilter,Norfolk,Lookdown,NA,transit4_1
c27t4hull,boat,ChesapeakeBay,four,hull,nonfilter,Norfolk,Lookdown,NA,transit4_1
c27t4post,openwater,ChesapeakeBay,four,nonswab,post,Norfolk,Lookdown,NA,transit4_1
c27t4pre,openwater,ChesapeakeBay,four,nonswab,pre,Norfolk,Lookdown,NA,transit4_1
c27t4rear,boat,ChesapeakeBay,four,rear,nonfilter,Norfolk,Lookdown,NA,transit4_1
c2t1bf,boat,ChesapeakeBay,one,bilgebiofilm,nonfilter,Baltimore,Callinectes,NA,transit1_2
c2t1bw,boat,ChesapeakeBay,one,bilgewater,nonfilter,Baltimore,Callinectes,NA,transit1_2
c2t1hull,boat,ChesapeakeBay,one,hull,nonfilter,Baltimore,Callinectes,NA,transit1_2
c2t1post,openwater,ChesapeakeBay,one,nonswab,post,Baltimore,Callinectes,NA,transit1_2
c2t1pre,openwater,ChesapeakeBay,one,nonswab,pre,Baltimore,Callinectes,NA,transit1_2
c2t1rear,boat,ChesapeakeBay,one,rear,nonfilter,Baltimore,Callinectes,NA,transit1_2
c2t3bf,boat,ChesapeakeBay,three,bilgebiofilm,nonfilter,Baltimore,Lookdown,NA,transit3_2
c2t3bw,boat,ChesapeakeBay,three,bilgewater,nonfilter,Baltimore,Lookdown,NA,transit3_2
c2t3hull,boat,ChesapeakeBay,three,hull,nonfilter,Baltimore,Lookdown,NA,transit3_2
c2t3post,openwater,ChesapeakeBay,three,nonswab,post,Baltimore,Lookdown,NA,transit3_2
c2t3pre,openwater,ChesapeakeBay,three,nonswab,pre,Baltimore,Lookdown,NA,transit3_2
c2t3rear,boat,ChesapeakeBay,three,rear,nonfilter,Baltimore,Lookdown,NA,transit3_2
c3t1bf,boat,ChesapeakeBay,one,bilgebiofilm,nonfilter,Baltimore,Callinectes,NA,transit1_3
c3t1bw,boat,ChesapeakeBay,one,bilgewater,nonfilter,Baltimore,Callinectes,NA,transit1_3
c3t1hull,boat,ChesapeakeBay,one,hull,nonfilter,Baltimore,Callinectes,NA,transit1_3
c3t1post,openwater,ChesapeakeBay,one,nonswab,post,Baltimore,Callinectes,NA,transit1_3
c3t1pre,openwater,ChesapeakeBay,one,nonswab,pre,Baltimore,Callinectes,NA,transit1_3
c3t1rear,boat,ChesapeakeBay,one,rear,nonfilter,Baltimore,Callinectes,NA,transit1_3
c3t3bf,boat,ChesapeakeBay,three,bilgebiofilm,nonfilter,Baltimore,Lookdown,NA,transit3_3
c3t3bw,boat,ChesapeakeBay,three,bilgewater,nonfilter,Baltimore,Lookdown,NA,transit3_3
c3t3hull,boat,ChesapeakeBay,three,hull,nonfilter,Baltimore,Lookdown,NA,transit3_3
c3t3post,openwater,ChesapeakeBay,three,nonswab,post,Baltimore,Lookdown,NA,transit3_3
c3t3pre,openwater,ChesapeakeBay,three,nonswab,pre,Baltimore,Lookdown,NA,transit3_3
c3t3rear,boat,ChesapeakeBay,three,rear,nonfilter,Baltimore,Lookdown,NA,transit3_3
c4t1bf,boat,ChesapeakeBay,one,bilgebiofilm,nonfilter,Baltimore,Callinectes,NA,transit1_4
c4t1bw,boat,ChesapeakeBay,one,bilgewater,nonfilter,Baltimore,Callinectes,NA,transit1_4
c4t1hull,boat,ChesapeakeBay,one,hull,nonfilter,Baltimore,Callinectes,NA,transit1_4
c4t1post,openwater,ChesapeakeBay,one,nonswab,post,Baltimore,Callinectes,NA,transit1_4
c4t1pre,openwater,ChesapeakeBay,one,nonswab,pre,Baltimore,Callinectes,NA,transit1_4
c4t1rear,boat,ChesapeakeBay,one,rear,nonfilter,Baltimore,Callinectes,NA,transit1_4
c4t3bf,boat,ChesapeakeBay,three,bilgebiofilm,nonfilter,Baltimore,Lookdown,NA,transit3_4
c4t3bw,boat,ChesapeakeBay,three,bilgewater,nonfilter,Baltimore,Lookdown,NA,transit3_4
c4t3hull,boat,ChesapeakeBay,three,hull,nonfilter,Baltimore,Lookdown,NA,transit3_4
c4t3post,openwater,ChesapeakeBay,three,nonswab,post,Baltimore,Lookdown,NA,transit3_4
c4t3pre,openwater,ChesapeakeBay,three,nonswab,pre,Baltimore,Lookdown,NA,transit3_4
c4t3rear,boat,ChesapeakeBay,three,rear,nonfilter,Baltimore,Lookdown,NA,transit3_4
c5t1bf,boat,ChesapeakeBay,one,bilgebiofilm,nonfilter,Baltimore,Callinectes,NA,transit1_5
c5t1bw,boat,ChesapeakeBay,one,bilgewater,nonfilter,Baltimore,Callinectes,NA,transit1_5
c5t1hull,boat,ChesapeakeBay,one,hull,nonfilter,Baltimore,Callinectes,NA,transit1_5
c5t1post,openwater,ChesapeakeBay,one,nonswab,post,Baltimore,Callinectes,NA,transit1_5
c5t1pre,openwater,ChesapeakeBay,one,nonswab,pre,Baltimore,Callinectes,NA,transit1_5
c5t1rear,boat,ChesapeakeBay,one,rear,nonfilter,Baltimore,Callinectes,NA,transit1_5
c5t3bf,boat,ChesapeakeBay,three,bilgebiofilm,nonfilter,Baltimore,Lookdown,NA,transit3_5
c5t3bw,boat,ChesapeakeBay,three,bilgewater,nonfilter,Baltimore,Lookdown,NA,transit3_5
c5t3hull,boat,ChesapeakeBay,three,hull,nonfilter,Baltimore,Lookdown,NA,transit3_5
c5t3post,openwater,ChesapeakeBay,three,nonswab,post,Baltimore,Lookdown,NA,transit3_5
c5t3pre,openwater,ChesapeakeBay,three,nonswab,pre,Baltimore,Lookdown,NA,transit3_5
c5t3rear,boat,ChesapeakeBay,three,rear,nonfilter,Baltimore,Lookdown,NA,transit3_5
c6t1bf,boat,ChesapeakeBay,one,bilgebiofilm,nonfilter,Baltimore,Callinectes,NA,transit1_6
c6t1bw,boat,ChesapeakeBay,one,bilgewater,nonfilter,Baltimore,Callinectes,NA,transit1_6
c6t1hull,boat,ChesapeakeBay,one,hull,nonfilter,Baltimore,Callinectes,NA,transit1_6
c6t1post,openwater,ChesapeakeBay,one,nonswab,post,Baltimore,Callinectes,NA,transit1_6
c6t1pre,openwater,ChesapeakeBay,one,nonswab,pre,Baltimore,Callinectes,NA,transit1_6
c6t1rear,boat,ChesapeakeBay,one,rear,nonfilter,Baltimore,Callinectes,NA,transit1_6
c6t3bf,boat,ChesapeakeBay,three,bilgebiofilm,nonfilter,Baltimore,Lookdown,NA,transit3_6
c6t3bw,boat,ChesapeakeBay,three,bilgewater,nonfilter,Baltimore,Lookdown,NA,transit3_6
c6t3hull,boat,ChesapeakeBay,three,hull,nonfilter,Baltimore,Lookdown,NA,transit3_6
c6t3post,openwater,ChesapeakeBay,three,nonswab,post,Baltimore,Lookdown,NA,transit3_6
c6t3pre,openwater,ChesapeakeBay,three,nonswab,pre,Baltimore,Lookdown,NA,transit3_6
c6t3rear,boat,ChesapeakeBay,three,rear,nonfilter,Baltimore,Lookdown,NA,transit3_6
c7t1bf,boat,ChesapeakeBay,one,bilgebiofilm,nonfilter,Baltimore,Callinectes,NA,transit1_7
c7t1bw,boat,ChesapeakeBay,one,bilgewater,nonfilter,Baltimore,Callinectes,NA,transit1_7
c7t1hull,boat,ChesapeakeBay,one,hull,nonfilter,Baltimore,Callinectes,NA,transit1_7
c7t1post,openwater,ChesapeakeBay,one,nonswab,post,Baltimore,Callinectes,NA,transit1_7
c7t1pre,openwater,ChesapeakeBay,one,nonswab,pre,Baltimore,Callinectes,NA,transit1_7
c7t1rear,boat,ChesapeakeBay,one,rear,nonfilter,Baltimore,Callinectes,NA,transit1_7
c7t3bf,boat,ChesapeakeBay,three,bilgebiofilm,nonfilter,Baltimore,Lookdown,NA,transit3_7
c7t3bw,boat,ChesapeakeBay,three,bilgewater,nonfilter,Baltimore,Lookdown,NA,transit3_7
c7t3hull,boat,ChesapeakeBay,three,hull,nonfilter,Baltimore,Lookdown,NA,transit3_7
c7t3post,openwater,ChesapeakeBay,three,nonswab,post,Baltimore,Lookdown,NA,transit3_7
c7t3pre,openwater,ChesapeakeBay,three,nonswab,pre,Baltimore,Lookdown,NA,transit3_7
c7t3rear,boat,ChesapeakeBay,three,rear,nonfilter,Baltimore,Lookdown,NA,transit3_7
c8t1bf,boat,ChesapeakeBay,one,bilgebiofilm,nonfilter,Baltimore,Callinectes,NA,transit1_8
c8t1bw,boat,ChesapeakeBay,one,bilgewater,nonfilter,Baltimore,Callinectes,NA,transit1_8
c8t1hull,boat,ChesapeakeBay,one,hull,nonfilter,Baltimore,Callinectes,NA,transit1_8
c8t1post,openwater,ChesapeakeBay,one,nonswab,post,Baltimore,Callinectes,NA,transit1_8
c8t1pre,openwater,ChesapeakeBay,one,nonswab,pre,Baltimore,Callinectes,NA,transit1_8
c8t1rear,boat,ChesapeakeBay,one,rear,nonfilter,Baltimore,Callinectes,NA,transit1_8
c8t3bf,boat,ChesapeakeBay,three,bilgebiofilm,nonfilter,Baltimore,Lookdown,NA,transit3_8
c8t3bw,boat,ChesapeakeBay,three,bilgewater,nonfilter,Baltimore,Lookdown,NA,transit3_8
c8t3hull,boat,ChesapeakeBay,three,hull,nonfilter,Baltimore,Lookdown,NA,transit3_8
c8t3post,openwater,ChesapeakeBay,three,nonswab,post,Baltimore,Lookdown,NA,transit3_8
c8t3pre,openwater,ChesapeakeBay,three,nonswab,pre,Baltimore,Lookdown,NA,transit3_8
c8t3rear,boat,ChesapeakeBay,three,rear,nonfilter,Baltimore,Lookdown,NA,transit3_8
c9t1bf,boat,ChesapeakeBay,one,bilgebiofilm,nonfilter,Baltimore,Callinectes,NA,transit1_9
c9t1bw,boat,ChesapeakeBay,one,bilgewater,nonfilter,Baltimore,Callinectes,NA,transit1_9
c9t1hull,boat,ChesapeakeBay,one,hull,nonfilter,Baltimore,Callinectes,NA,transit1_9
c9t1post,openwater,ChesapeakeBay,one,nonswab,post,Baltimore,Callinectes,NA,transit1_9
c9t1pre,openwater,ChesapeakeBay,one,nonswab,pre,Baltimore,Callinectes,NA,transit1_9
c9t1rear,boat,ChesapeakeBay,one,rear,nonfilter,Baltimore,Callinectes,NA,transit1_9
c9t3bf,boat,ChesapeakeBay,three,bilgebiofilm,nonfilter,Baltimore,Lookdown,NA,transit3_9
c9t3bw,boat,ChesapeakeBay,three,bilgewater,nonfilter,Baltimore,Lookdown,NA,transit3_9
c9t3hull,boat,ChesapeakeBay,three,hull,nonfilter,Baltimore,Lookdown,NA,transit3_9
c9t3post,openwater,ChesapeakeBay,three,nonswab,post,Baltimore,Lookdown,NA,transit3_9
c9t3pre,openwater,ChesapeakeBay,three,nonswab,pre,Baltimore,Lookdown,NA,transit3_9
c9t3rear,boat,ChesapeakeBay,three,rear,nonfilter,Baltimore,Lookdown,NA,transit3_9
intbilge1t0t2,boat,ChesapeakeBay,two,internalbilgebiofilm,nonfilter,Norfolk,Callinectes,zero,NA
intbilge1tft2,boat,ChesapeakeBay,two,internalbilgebiofilm,nonfilter,Norfolk,Callinectes,final,NA
intbilge2t0t2,boat,ChesapeakeBay,two,internalbilgebiofilm,nonfilter,Norfolk,Callinectes,zero,NA
intbilge2tft2,boat,ChesapeakeBay,two,internalbilgebiofilm,nonfilter,Norfolk,Callinectes,final,NA
P1negcontrol1,control,ChesapeakeBay,NA,NA,NA,NA,NA,NA,NA
P1negcontrol2,control,ChesapeakeBay,NA,NA,NA,NA,NA,NA,NA
P1negcontrol3,control,ChesapeakeBay,NA,NA,NA,NA,NA,NA,NA
P2negcontrol6,control,ChesapeakeBay,NA,NA,NA,NA,NA,NA,NA
P3negcontrol3,control,ChesapeakeBay,NA,NA,NA,NA,NA,NA,NA
P4negcontrol3,control,ChesapeakeBay,NA,NA,NA,NA,NA,NA,NA
P5negcontrol2,control,ChesapeakeBay,NA,NA,NA,NA,NA,NA,NA
P5negcontrol3,control,ChesapeakeBay,NA,NA,NA,NA,NA,NA,NA
P5negcontrol5,control,ChesapeakeBay,NA,NA,NA,NA,NA,NA,NA
P5negcontrol7,control,ChesapeakeBay,NA,NA,NA,NA,NA,NA,NA
P5negcontrol8,control,ChesapeakeBay,NA,NA,NA,NA,NA,NA,NA
P7negcontrol1,control,ChesapeakeBay,NA,NA,NA,NA,NA,NA,NA
P7negcontrol2,control,ChesapeakeBay,NA,NA,NA,NA,NA,NA,NA
P7negcontrol3,control,ChesapeakeBay,NA,NA,NA,NA,NA,NA,NA
P7negcontrol4,control,ChesapeakeBay,NA,NA,NA,NA,NA,NA,NA
postblank1t4,blank,ChesapeakeBay,NA,NA,NA,NA,NA,NA,NA
postblank2t4,blank,ChesapeakeBay,NA,NA,NA,NA,NA,NA,NA
postblank3t4,blank,ChesapeakeBay,NA,NA,NA,NA,NA,NA,NA
postblank4t4,blank,ChesapeakeBay,NA,NA,NA,NA,NA,NA,NA
postblank5t4,blank,ChesapeakeBay,NA,NA,NA,NA,NA,NA,NA
preblank1t4,blank,ChesapeakeBay,NA,NA,NA,NA,NA,NA,NA
preblank2t4,blank,ChesapeakeBay,NA,NA,NA,NA,NA,NA,NA
preblank3t4,blank,ChesapeakeBay,NA,NA,NA,NA,NA,NA,NA
preblank4t4,blank,ChesapeakeBay,NA,NA,NA,NA,NA,NA,NA
preblank5t4,blank,ChesapeakeBay,NA,NA,NA,NA,NA,NA,NA
swabblank1t4,blank,ChesapeakeBay,NA,NA,NA,NA,NA,NA,NA
swabblank2t4,blank,ChesapeakeBay,NA,NA,NA,NA,NA,NA,NA
swabblank3t4,blank,ChesapeakeBay,NA,NA,NA,NA,NA,NA,NA
swabblank4t4,blank,ChesapeakeBay,NA,NA,NA,NA,NA,NA,NA
swabblank5t4,blank,ChesapeakeBay,NA,NA,NA,NA,NA,NA,NA
t0t1bf1,boat,ChesapeakeBay,one,bilgebiofilm,nonfilter,Baltimore,Callinectes,zero,transit1_0
t0t1bf2,boat,ChesapeakeBay,one,bilgebiofilm,nonfilter,Baltimore,Callinectes,zero,transit1_0
t0t1bf3,boat,ChesapeakeBay,one,bilgebiofilm,nonfilter,Baltimore,Callinectes,zero,transit1_0
t0t1bw1,boat,ChesapeakeBay,one,bilgewater,nonfilter,Baltimore,Callinectes,zero,transit1_0
t0t1bw2,boat,ChesapeakeBay,one,bilgewater,nonfilter,Baltimore,Callinectes,zero,transit1_0
t0t1bw3,boat,ChesapeakeBay,one,bilgewater,nonfilter,Baltimore,Callinectes,zero,transit1_0
t0t1hull1,boat,ChesapeakeBay,one,hull,nonfilter,Baltimore,Callinectes,zero,transit1_0
t0t1hull2,boat,ChesapeakeBay,one,hull,nonfilter,Baltimore,Callinectes,zero,transit1_0
t0t1hull3,boat,ChesapeakeBay,one,hull,nonfilter,Baltimore,Callinectes,zero,transit1_0
t0t1post,openwater,ChesapeakeBay,one,nonswab,post,Baltimore,Callinectes,zero,transit1_0
t0t1pre,openwater,ChesapeakeBay,one,nonswab,pre,Baltimore,Callinectes,zero,transit1_0
t0t1rear2,boat,ChesapeakeBay,one,rear,nonfilter,Baltimore,Callinectes,zero,transit1_0
t0t1rear3,boat,ChesapeakeBay,one,rear,nonfilter,Baltimore,Callinectes,zero,transit1_0
t0t1trans,boat,ChesapeakeBay,one,rear,nonfilter,Baltimore,Callinectes,zero,transit1_0
t0t2bf4,boat,ChesapeakeBay,two,bilgebiofilm,nonfilter,Norfolk,Callinectes,zero,transit2_0
t0t2bf5,boat,ChesapeakeBay,two,bilgebiofilm,nonfilter,Norfolk,Callinectes,zero,transit2_0
t0t2bw4,boat,ChesapeakeBay,two,bilgewater,nonfilter,Norfolk,Callinectes,zero,transit2_0
t0t2bw5,boat,ChesapeakeBay,two,bilgewater,nonfilter,Norfolk,Callinectes,zero,transit2_0
t0t2hull4,boat,ChesapeakeBay,two,hull,nonfilter,Norfolk,Callinectes,zero,transit2_0
t0t2hull5,boat,ChesapeakeBay,two,hull,nonfilter,Norfolk,Callinectes,zero,transit2_0
t0t2post4,openwater,ChesapeakeBay,two,nonswab,post,Norfolk,Callinectes,zero,transit2_0
t0t2post5,openwater,ChesapeakeBay,two,nonswab,post,Norfolk,Callinectes,zero,transit2_0
t0t2pre4,openwater,ChesapeakeBay,two,nonswab,pre,Norfolk,Callinectes,zero,transit2_0
t0t2pre5,openwater,ChesapeakeBay,two,nonswab,pre,Norfolk,Callinectes,zero,transit2_0
t0t2rear4,boat,ChesapeakeBay,two,rear,nonfilter,Norfolk,Callinectes,zero,transit2_0
t0t2rear5,boat,ChesapeakeBay,two,rear,nonfilter,Norfolk,Callinectes,zero,transit2_0
t0t3bf6,boat,ChesapeakeBay,three,bilgebiofilm,nonfilter,Baltimore,Lookdown,zero,transit3_0
t0t3bf8,boat,ChesapeakeBay,three,bilgebiofilm,nonfilter,Baltimore,Lookdown,zero,transit3_0
t0t3bw6,boat,ChesapeakeBay,three,bilgewater,nonfilter,Baltimore,Lookdown,zero,transit3_0
t0t3bw8,boat,ChesapeakeBay,three,bilgewater,nonfilter,Baltimore,Lookdown,zero,transit3_0
t0t3hull3,boat,ChesapeakeBay,three,hull,nonfilter,Baltimore,Lookdown,zero,transit3_0
t0t3hull8,boat,ChesapeakeBay,three,hull,nonfilter,Baltimore,Lookdown,zero,transit3_0
t0t3post6,openwater,ChesapeakeBay,three,nonswab,post,Baltimore,Lookdown,zero,transit3_0
t0t3post8,openwater,ChesapeakeBay,three,nonswab,post,Baltimore,Lookdown,zero,transit3_0
t0t3pre6,openwater,ChesapeakeBay,three,nonswab,pre,Baltimore,Lookdown,zero,transit3_0
t0t3pre8,openwater,ChesapeakeBay,three,nonswab,pre,Baltimore,Lookdown,zero,transit3_0
t0t3rear8,boat,ChesapeakeBay,three,rear,nonfilter,Baltimore,Lookdown,zero,transit3_0
t0t4bf,boat,ChesapeakeBay,four,bilgebiofilm,nonfilter,Norfolk,Lookdown,zero,transit4_0
t0t4bw,boat,ChesapeakeBay,four,bilgewater,nonfilter,Norfolk,Lookdown,zero,transit4_0
t0t4hull,boat,ChesapeakeBay,four,hull,nonfilter,Norfolk,Lookdown,zero,transit4_0
t0t4post,openwater,ChesapeakeBay,four,nonswab,post,Norfolk,Lookdown,zero,transit4_0
t0t4pre,openwater,ChesapeakeBay,four,nonswab,pre,Norfolk,Lookdown,zero,transit4_0
t0t4rear,boat,ChesapeakeBay,four,rear,nonfilter,Norfolk,Lookdown,zero,transit4_0
tf4post,openwater,ChesapeakeBay,four,nonswab,post,Norfolk,Lookdown,final,transit4_11
tft1bf1,boat,ChesapeakeBay,one,bilgebiofilm,nonfilter,Baltimore,Callinectes,final,transit1_26
tft1bf2,boat,ChesapeakeBay,one,bilgebiofilm,nonfilter,Baltimore,Callinectes,final,transit1_26
tft1bf3,boat,ChesapeakeBay,one,bilgebiofilm,nonfilter,Baltimore,Callinectes,final,transit1_26
tft1bw1,boat,ChesapeakeBay,one,bilgewater,nonfilter,Baltimore,Callinectes,final,transit1_26
tft1bw2,boat,ChesapeakeBay,one,bilgewater,nonfilter,Baltimore,Callinectes,final,transit1_26
tft1bw3,boat,ChesapeakeBay,one,bilgewater,nonfilter,Baltimore,Callinectes,final,transit1_26
tft1hull1,boat,ChesapeakeBay,one,hull,nonfilter,Baltimore,Callinectes,final,transit1_26
tft1hull2,boat,ChesapeakeBay,one,hull,nonfilter,Baltimore,Callinectes,final,transit1_26
tft1hull3,boat,ChesapeakeBay,one,hull,nonfilter,Baltimore,Callinectes,final,transit1_26
tft1post1,openwater,ChesapeakeBay,one,nonswab,post,Baltimore,Callinectes,final,transit1_26
tft1post2,openwater,ChesapeakeBay,one,nonswab,post,Baltimore,Callinectes,final,transit1_26
tft1post3,openwater,ChesapeakeBay,one,nonswab,post,Baltimore,Callinectes,final,transit1_26
tft1pre1,openwater,ChesapeakeBay,one,nonswab,pre,Baltimore,Callinectes,final,transit1_26
tft1pre2,openwater,ChesapeakeBay,one,nonswab,pre,Baltimore,Callinectes,final,transit1_26
tft1pre3,openwater,ChesapeakeBay,one,nonswab,pre,Baltimore,Callinectes,final,transit1_26
tft1rear1,boat,ChesapeakeBay,one,rear,nonfilter,Baltimore,Callinectes,final,transit1_26
tft1rear2,boat,ChesapeakeBay,one,rear,nonfilter,Baltimore,Callinectes,final,transit1_26
tft1rear3,boat,ChesapeakeBay,one,rear,nonfilter,Baltimore,Callinectes,final,transit1_26
tft2bf4,boat,ChesapeakeBay,two,bilgebiofilm,nonfilter,Norfolk,Callinectes,final,transit2_12
tft2bf5,boat,ChesapeakeBay,two,bilgebiofilm,nonfilter,Norfolk,Callinectes,final,transit2_12
tft2bilgedrip,boat,ChesapeakeBay,two,drip,drip,Norfolk,Callinectes,final,transit2_12
tft2bw4,boat,ChesapeakeBay,two,bilgewater,nonfilter,Norfolk,Callinectes,final,transit2_12
tft2bw5,boat,ChesapeakeBay,two,bilgewater,nonfilter,Norfolk,Callinectes,final,transit2_12
tft2hull4,boat,ChesapeakeBay,two,hull,nonfilter,Norfolk,Callinectes,final,transit2_12
tft2hull5,boat,ChesapeakeBay,two,hull,nonfilter,Norfolk,Callinectes,final,transit2_12
tft2post4,openwater,ChesapeakeBay,two,nonswab,post,Norfolk,Callinectes,final,transit2_12
tft2post5,openwater,ChesapeakeBay,two,nonswab,post,Norfolk,Callinectes,final,transit2_12
tft2pre4,openwater,ChesapeakeBay,two,nonswab,pre,Norfolk,Callinectes,final,transit2_12
tft2pre5,openwater,ChesapeakeBay,two,nonswab,pre,Norfolk,Callinectes,final,transit2_12
tft2rear4,boat,ChesapeakeBay,two,rear,nonfilter,Norfolk,Callinectes,final,transit2_12
tft2rear5,boat,ChesapeakeBay,two,rear,nonfilter,Norfolk,Callinectes,final,transit2_12
tft3bf7,boat,ChesapeakeBay,three,bilgebiofilm,nonfilter,Baltimore,Lookdown,final,transit3_26
tft3bf9,boat,ChesapeakeBay,three,bilgebiofilm,nonfilter,Baltimore,Lookdown,final,transit3_26
tft3bw7,boat,ChesapeakeBay,three,bilgewater,nonfilter,Baltimore,Lookdown,final,transit3_26
tft3bw9,boat,ChesapeakeBay,three,bilgewater,nonfilter,Baltimore,Lookdown,final,transit3_26
tft3hull7,boat,ChesapeakeBay,three,hull,nonfilter,Baltimore,Lookdown,final,transit3_26
tft3hull9,boat,ChesapeakeBay,three,hull,nonfilter,Baltimore,Lookdown,final,transit3_26
tft3post7,openwater,ChesapeakeBay,three,nonswab,post,Baltimore,Lookdown,final,transit3_26
tft3post9,openwater,ChesapeakeBay,three,nonswab,post,Baltimore,Lookdown,final,transit3_26
tft3pre7,openwater,ChesapeakeBay,three,nonswab,pre,Baltimore,Lookdown,final,transit3_26
tft3pre9,openwater,ChesapeakeBay,three,nonswab,pre,Baltimore,Lookdown,final,transit3_26
tft3rear7,boat,ChesapeakeBay,three,rear,nonfilter,Baltimore,Lookdown,final,transit3_26
tft3rear9,boat,ChesapeakeBay,three,rear,nonfilter,Baltimore,Lookdown,final,transit3_26
tft4bf,boat,ChesapeakeBay,four,bilgebiofilm,nonfilter,Norfolk,Lookdown,final,transit4_11
tft4bw,boat,ChesapeakeBay,four,bilgewater,nonfilter,Norfolk,Lookdown,final,transit4_11
tft4hull,boat,ChesapeakeBay,four,hull,nonfilter,Norfolk,Lookdown,final,transit4_11
tft4pre,openwater,ChesapeakeBay,four,nonswab,pre,Norfolk,Lookdown,final,transit4_11
tft4rear,boat,ChesapeakeBay,four,rear,nonfilter,Norfolk,Lookdown,final,transit4_11