"","SampleID","sampletype","location","filtertype","region","datatype","boat","study","transit","position"
"1","BALT1","openwater","Baltimore","pre","East","openwater",NA,"DARPA",NA,NA
"2","BALT10","openwater","Baltimore","pre","East","openwater",NA,"DARPA",NA,NA
"3","BALT10post","openwater","Baltimore","post","East","openwater",NA,"DARPA",NA,NA
"4","BALT11","openwater","Baltimore","pre","East","openwater",NA,"DARPA",NA,NA
"5","BALT11post","openwater","Baltimore","post","East","openwater",NA,"DARPA",NA,NA
"6","BALT12","openwater","Baltimore","pre","East","openwater",NA,"DARPA",NA,NA
"7","BALT12post","openwater","Baltimore","post","East","openwater",NA,"DARPA",NA,NA
"8","BALT13","openwater","Baltimore","pre","East","openwater",NA,"DARPA",NA,NA
"9","BALT13post","openwater","Baltimore","post","East","openwater",NA,"DARPA",NA,NA
"10","BALT14","openwater","Baltimore","pre","East","openwater",NA,"DARPA",NA,NA
"11","BALT14post","openwater","Baltimore","post","East","openwater",NA,"DARPA",NA,NA
"12","BALT15","openwater","Baltimore","pre","East","openwater",NA,"DARPA",NA,NA
"13","BALT15post","openwater","Baltimore","post","East","openwater",NA,"DARPA",NA,NA
"14","BALT16","openwater","Baltimore","pre","East","openwater",NA,"DARPA",NA,NA
"15","BALT16post","openwater","Baltimore","post","East","openwater",NA,"DARPA",NA,NA
"16","BALT17","openwater","Baltimore","pre","East","openwater",NA,"DARPA",NA,NA
"17","BALT17post","openwater","Baltimore","post","East","openwater",NA,"DARPA",NA,NA
"18","BALT19","openwater","Baltimore","pre","East","openwater",NA,"DARPA",NA,NA
"19","BALT19post","openwater","Baltimore","post","East","openwater",NA,"DARPA",NA,NA
"20","BALT1post","openwater","Baltimore","post","East","openwater",NA,"DARPA",NA,NA
"21","BALT2","openwater","Baltimore","pre","East","openwater",NA,"DARPA",NA,NA
"22","BALT20","openwater","Baltimore","pre","East","openwater",NA,"DARPA",NA,NA
"23","BALT20post","openwater","Baltimore","post","East","openwater",NA,"DARPA",NA,NA
"24","BALT21","openwater","Baltimore","pre","East","openwater",NA,"DARPA",NA,NA
"25","BALT21post","openwater","Baltimore","post","East","openwater",NA,"DARPA",NA,NA
"26","BALT22","openwater","Baltimore","pre","East","openwater",NA,"DARPA",NA,NA
"27","BALT22post","openwater","Baltimore","post","East","openwater",NA,"DARPA",NA,NA
"28","BALT23","openwater","Baltimore","pre","East","openwater",NA,"DARPA",NA,NA
"29","BALT23post","openwater","Baltimore","post","East","openwater",NA,"DARPA",NA,NA
"30","BALT24","openwater","Baltimore","pre","East","openwater",NA,"DARPA",NA,NA
"31","BALT24post","openwater","Baltimore","post","East","openwater",NA,"DARPA",NA,NA
"32","BALT25","openwater","Baltimore","pre","East","openwater",NA,"DARPA",NA,NA
"33","BALT25post","openwater","Baltimore","post","East","openwater",NA,"DARPA",NA,NA
"34","BALT27","openwater","Baltimore","pre","East","openwater",NA,"DARPA",NA,NA
"35","BALT27post","openwater","Baltimore","post","East","openwater",NA,"DARPA",NA,NA
"36","BALT28","openwater","Baltimore","pre","East","openwater",NA,"DARPA",NA,NA
"37","BALT28point5","openwater","Baltimore","pre","East","openwater",NA,"DARPA",NA,NA
"38","BALT28point5post","openwater","Baltimore","post","East","openwater",NA,"DARPA",NA,NA
"39","BALT28post","openwater","Baltimore","post","East","openwater",NA,"DARPA",NA,NA
"40","BALT29","openwater","Baltimore","pre","East","openwater",NA,"DARPA",NA,NA
"41","BALT29post","openwater","Baltimore","post","East","openwater",NA,"DARPA",NA,NA
"42","BALT2post","openwater","Baltimore","post","East","openwater",NA,"DARPA",NA,NA
"43","BALT3","openwater","Baltimore","pre","East","openwater",NA,"DARPA",NA,NA
"44","BALT30","openwater","Baltimore","pre","East","openwater",NA,"DARPA",NA,NA
"45","BALT30post","openwater","Baltimore","post","East","openwater",NA,"DARPA",NA,NA
"46","BALT3post","openwater","Baltimore","post","East","openwater",NA,"DARPA",NA,NA
"47","BALT4","openwater","Baltimore","pre","East","openwater",NA,"DARPA",NA,NA
"48","BALT4post","openwater","Baltimore","post","East","openwater",NA,"DARPA",NA,NA
"49","BALT5","openwater","Baltimore","pre","East","openwater",NA,"DARPA",NA,NA
"50","BALT5post","openwater","Baltimore","post","East","openwater",NA,"DARPA",NA,NA
"51","BALT6","openwater","Baltimore","pre","East","openwater",NA,"DARPA",NA,NA
"52","BALT6post","openwater","Baltimore","post","East","openwater",NA,"DARPA",NA,NA
"53","BALT7","openwater","Baltimore","pre","East","openwater",NA,"DARPA",NA,NA
"54","BALT7post","openwater","Baltimore","post","East","openwater",NA,"DARPA",NA,NA
"55","BALT8","openwater","Baltimore","pre","East","openwater",NA,"DARPA",NA,NA
"56","BALT8point5","openwater","Baltimore","pre","East","openwater",NA,"DARPA",NA,NA
"57","BALT8point5post","openwater","Baltimore","post","East","openwater",NA,"DARPA",NA,NA
"58","BALT8post","openwater","Baltimore","post","East","openwater",NA,"DARPA",NA,NA
"59","BALT9","openwater","Baltimore","pre","East","openwater",NA,"DARPA",NA,NA
"60","BALT9post","openwater","Baltimore","post","East","openwater",NA,"DARPA",NA,NA
"61","B1swab","swab","Baltimore","pre","East","boatsample",NA,"DARPA",NA,NA
"62","B2swab","swab","Baltimore","pre","East","boatsample",NA,"DARPA",NA,NA
"63","B3swab","swab","Baltimore","pre","East","boatsample",NA,"DARPA",NA,NA
"64","B4swab","swab","Baltimore","pre","East","boatsample",NA,"DARPA",NA,NA
"65","B5swab","swab","Baltimore","pre","East","boatsample",NA,"DARPA",NA,NA
"66","B6swab","swab","Baltimore","pre","East","boatsample",NA,"DARPA",NA,NA
"67","B7swab","swab","Baltimore","pre","East","boatsample",NA,"DARPA",NA,NA
"68","NOF1","openwater","Norfolk","pre","East","openwater",NA,"DARPA",NA,NA
"69","NOF10","openwater","Norfolk","pre","East","openwater",NA,"DARPA",NA,NA
"70","NOF10post","openwater","Norfolk","post","East","openwater",NA,"DARPA",NA,NA
"71","NOF11","openwater","Norfolk","pre","East","openwater",NA,"DARPA",NA,NA
"72","NOF11post","openwater","Norfolk","post","East","openwater",NA,"DARPA",NA,NA
"73","NOF12","openwater","Norfolk","pre","East","openwater",NA,"DARPA",NA,NA
"74","NOF12post","openwater","Norfolk","post","East","openwater",NA,"DARPA",NA,NA
"75","NOF13","openwater","Norfolk","pre","East","openwater",NA,"DARPA",NA,NA
"76","NOF13post","openwater","Norfolk","post","East","openwater",NA,"DARPA",NA,NA
"77","NOF14","openwater","Norfolk","pre","East","openwater",NA,"DARPA",NA,NA
"78","NOF14post","openwater","Norfolk","post","East","openwater",NA,"DARPA",NA,NA
"79","NOF15","openwater","Norfolk","pre","East","openwater",NA,"DARPA",NA,NA
"80","NOF15post","openwater","Norfolk","post","East","openwater",NA,"DARPA",NA,NA
"81","NOF16","openwater","Norfolk","pre","East","openwater",NA,"DARPA",NA,NA
"82","NOF16post","openwater","Norfolk","post","East","openwater",NA,"DARPA",NA,NA
"83","NOF17","openwater","Norfolk","pre","East","openwater",NA,"DARPA",NA,NA
"84","NOF17post","openwater","Norfolk","post","East","openwater",NA,"DARPA",NA,NA
"85","NOF18","openwater","Norfolk","pre","East","openwater",NA,"DARPA",NA,NA
"86","NOF18post","openwater","Norfolk","post","East","openwater",NA,"DARPA",NA,NA
"87","NOF19","openwater","Norfolk","pre","East","openwater",NA,"DARPA",NA,NA
"88","NOF19post","openwater","Norfolk","post","East","openwater",NA,"DARPA",NA,NA
"89","NOF1post","openwater","Norfolk","post","East","openwater",NA,"DARPA",NA,NA
"90","NOF1swab","swab","Norfolk","pre","East","boatsample",NA,"DARPA",NA,NA
"91","NOF2","openwater","Norfolk","pre","East","openwater",NA,"DARPA",NA,NA
"92","NOF20","openwater","Norfolk","pre","East","openwater",NA,"DARPA",NA,NA
"93","NOF20post","openwater","Norfolk","post","East","openwater",NA,"DARPA",NA,NA
"94","NOF21","openwater","Norfolk","pre","East","openwater",NA,"DARPA",NA,NA
"95","NOF21post","openwater","Norfolk","post","East","openwater",NA,"DARPA",NA,NA
"96","NOF22","openwater","Norfolk","pre","East","openwater",NA,"DARPA",NA,NA
"97","NOF22post","openwater","Norfolk","post","East","openwater",NA,"DARPA",NA,NA
"98","NOF23","openwater","Norfolk","pre","East","openwater",NA,"DARPA",NA,NA
"99","NOF23post","openwater","Norfolk","post","East","openwater",NA,"DARPA",NA,NA
"100","NOF24","openwater","Norfolk","pre","East","openwater",NA,"DARPA",NA,NA
"101","NOF24post","openwater","Norfolk","post","East","openwater",NA,"DARPA",NA,NA
"102","NOF25","openwater","Norfolk","pre","East","openwater",NA,"DARPA",NA,NA
"103","NOF25post","openwater","Norfolk","post","East","openwater",NA,"DARPA",NA,NA
"104","NOF26","openwater","Norfolk","pre","East","openwater",NA,"DARPA",NA,NA
"105","NOF26post","openwater","Norfolk","post","East","openwater",NA,"DARPA",NA,NA
"106","NOF27","openwater","Norfolk","pre","East","openwater",NA,"DARPA",NA,NA
"107","NOF27post","openwater","Norfolk","post","East","openwater",NA,"DARPA",NA,NA
"108","NOF28","openwater","Norfolk","pre","East","openwater",NA,"DARPA",NA,NA
"109","NOF28post","openwater","Norfolk","post","East","openwater",NA,"DARPA",NA,NA
"110","NOF29","openwater","Norfolk","pre","East","openwater",NA,"DARPA",NA,NA
"111","NOF29post","openwater","Norfolk","post","East","openwater",NA,"DARPA",NA,NA
"112","NOF2post","openwater","Norfolk","post","East","openwater",NA,"DARPA",NA,NA
"113","NOF2swab","swab","Norfolk","pre","East","boatsample",NA,"DARPA",NA,NA
"114","NOF3","openwater","Norfolk","pre","East","openwater",NA,"DARPA",NA,NA
"115","NOF30","openwater","Norfolk","pre","East","openwater",NA,"DARPA",NA,NA
"116","NOF30post","openwater","Norfolk","post","East","openwater",NA,"DARPA",NA,NA
"117","NOF3post","openwater","Norfolk","post","East","openwater",NA,"DARPA",NA,NA
"118","NOF3swab","swab","Norfolk","pre","East","boatsample",NA,"DARPA",NA,NA
"119","NOF4","openwater","Norfolk","pre","East","openwater",NA,"DARPA",NA,NA
"120","NOF4post","openwater","Norfolk","post","East","openwater",NA,"DARPA",NA,NA
"121","NOF4swab","swab","Norfolk","pre","East","boatsample",NA,"DARPA",NA,NA
"122","NOF5","openwater","Norfolk","pre","East","openwater",NA,"DARPA",NA,NA
"123","NOF5post","openwater","Norfolk","post","East","openwater",NA,"DARPA",NA,NA
"124","NOF5swab","swab","Norfolk","pre","East","boatsample",NA,"DARPA",NA,NA
"125","NOF6","openwater","Norfolk","pre","East","openwater",NA,"DARPA",NA,NA
"126","NOF6post","openwater","Norfolk","post","East","openwater",NA,"DARPA",NA,NA
"127","NOF6swab","swab","Norfolk","pre","East","boatsample",NA,"DARPA",NA,NA
"128","NOF7","openwater","Norfolk","pre","East","openwater",NA,"DARPA",NA,NA
"129","NOF7post","openwater","Norfolk","post","East","openwater",NA,"DARPA",NA,NA
"130","NOF7swab","swab","Norfolk","pre","East","boatsample",NA,"DARPA",NA,NA
"131","NOF8","openwater","Norfolk","pre","East","openwater",NA,"DARPA",NA,NA
"132","NOF8post","openwater","Norfolk","post","East","openwater",NA,"DARPA",NA,NA
"133","NOF8swab","swab","Norfolk","pre","East","boatsample",NA,"DARPA",NA,NA
"134","NOF9","openwater","Norfolk","pre","East","openwater",NA,"DARPA",NA,NA
"135","c10t1bf","bilgebiofilm","Baltimore","nonfilter",NA,NA,NA,"ChesapeakeBay","one",10
"136","c10t1bw","bilgewater","Baltimore","nonfilter",NA,NA,NA,"ChesapeakeBay","one",10
"137","c10t1hull","hull","Baltimore","nonfilter",NA,NA,"Callinectes","ChesapeakeBay","one",10
"138","c10t1post","openwater","Baltimore","post",NA,NA,NA,"ChesapeakeBay","one",10
"139","c10t1rear","rear","Baltimore","nonfilter",NA,NA,NA,"ChesapeakeBay","one",10
"140","c10t2bf","bilgebiofilm","Norfolk","nonfilter",NA,NA,NA,"ChesapeakeBay","two",27
"141","c10t2bw","bilgewater","Norfolk","nonfilter",NA,NA,NA,"ChesapeakeBay","two",27
"142","c10t2hull","hull","Norfolk","nonfilter",NA,NA,"Callinectes","ChesapeakeBay","two",27
"143","c10t2post","openwater","Norfolk","post",NA,NA,NA,"ChesapeakeBay","two",27
"144","c10t2pre","openwater","Norfolk","pre",NA,NA,"Callinectes","ChesapeakeBay","two",27
"145","c10t2rear","rear","Norfolk","nonfilter",NA,NA,NA,"ChesapeakeBay","two",27
"146","c10t3bf","bilgebiofilm","Baltimore","nonfilter",NA,NA,NA,"ChesapeakeBay","three",10
"147","c10t3bw","bilgewater","Baltimore","nonfilter",NA,NA,NA,"ChesapeakeBay","three",10
"148","c10t3hull","hull","Baltimore","nonfilter",NA,NA,"Lookdown","ChesapeakeBay","three",10
"149","c10t3post","openwater","Baltimore","post",NA,NA,"Lookdown","ChesapeakeBay","three",10
"150","c10t3pre","openwater","Baltimore","pre",NA,NA,"Lookdown","ChesapeakeBay","three",10
"151","c10t3rear","rear","Baltimore","nonfilter",NA,NA,"Lookdown","ChesapeakeBay","three",10
"152","c10t4bf","bilgebiofilm","Norfolk","nonfilter",NA,NA,"Lookdown","ChesapeakeBay","four",29
"153","c10t4bw","bilgewater","Norfolk","nonfilter",NA,NA,"Lookdown","ChesapeakeBay","four",29
"154","c10t4hull","hull","Norfolk","nonfilter",NA,NA,"Lookdown","ChesapeakeBay","four",29
"155","c10t4post","openwater","Norfolk","post",NA,NA,"Lookdown","ChesapeakeBay","four",29
"156","c10t4pre","openwater","Norfolk","pre",NA,NA,"Lookdown","ChesapeakeBay","four",29
"157","c10t4rear","rear","Norfolk","nonfilter",NA,NA,"Lookdown","ChesapeakeBay","four",29
"158","c11t1bf","bilgebiofilm","Baltimore","nonfilter",NA,NA,"Callinectes","ChesapeakeBay","one",11
"159","c11t1bw","bilgewater","Baltimore","nonfilter",NA,NA,"Callinectes","ChesapeakeBay","one",11
"160","c11t1hull","hull","Baltimore","nonfilter",NA,NA,"Callinectes","ChesapeakeBay","one",11
"161","c11t1post","openwater","Baltimore","post",NA,NA,"Callinectes","ChesapeakeBay","one",11
"162","c11t1pre","openwater","Baltimore","pre",NA,NA,"Callinectes","ChesapeakeBay","one",11
"163","c11t1rear","rear","Baltimore","nonfilter",NA,NA,"Callinectes","ChesapeakeBay","one",11
"164","c11t2bf","bilgebiofilm","Norfolk","nonfilter",NA,NA,"Callinectes","ChesapeakeBay","two",28
"165","c11t2bw","bilgewater","Norfolk","nonfilter",NA,NA,"Callinectes","ChesapeakeBay","two",28
"166","c11t2post","openwater","Norfolk","post",NA,NA,"Callinectes","ChesapeakeBay","two",28
"167","c11t2pre","openwater","Norfolk","pre",NA,NA,"Callinectes","ChesapeakeBay","two",28
"168","c11t3bf","bilgebiofilm","Baltimore","nonfilter",NA,NA,"Lookdown","ChesapeakeBay","three",11
"169","c11t3bw","bilgewater","Baltimore","nonfilter",NA,NA,"Lookdown","ChesapeakeBay","three",11
"170","c11t3hull","hull","Baltimore","nonfilter",NA,NA,"Lookdown","ChesapeakeBay","three",11
"171","c11t3post","openwater","Baltimore","post",NA,NA,"Lookdown","ChesapeakeBay","three",11
"172","c11t3pre","openwater","Baltimore","pre",NA,NA,"Lookdown","ChesapeakeBay","three",11
"173","c11t3rear","rear","Baltimore","nonfilter",NA,NA,"Lookdown","ChesapeakeBay","three",11
"174","c11t4bf","bilgebiofilm","Norfolk","nonfilter",NA,NA,"Lookdown","ChesapeakeBay","four",28
"175","c11t4bw","bilgewater","Norfolk","nonfilter",NA,NA,"Lookdown","ChesapeakeBay","four",28
"176","c11t4hull","hull","Norfolk","nonfilter",NA,NA,"Lookdown","ChesapeakeBay","four",28
"177","c11t4post","openwater","Norfolk","post",NA,NA,"Lookdown","ChesapeakeBay","four",28
"178","c11t4pre","openwater","Norfolk","pre",NA,NA,"Lookdown","ChesapeakeBay","four",28
"179","c11t4rear","rear","Norfolk","nonfilter",NA,NA,"Lookdown","ChesapeakeBay","four",28
"180","c12t1bf","bilgebiofilm","Baltimore","nonfilter",NA,NA,"Callinectes","ChesapeakeBay","one",12
"181","c12t1bw","bilgewater","Baltimore","nonfilter",NA,NA,"Callinectes","ChesapeakeBay","one",12
"182","c12t1hull","hull","Baltimore","nonfilter",NA,NA,"Callinectes","ChesapeakeBay","one",12
"183","c12t1post","openwater","Baltimore","post",NA,NA,"Callinectes","ChesapeakeBay","one",12
"184","c12t1pre","openwater","Baltimore","pre",NA,NA,"Callinectes","ChesapeakeBay","one",12
"185","c12t1rear","rear","Baltimore","nonfilter",NA,NA,"Callinectes","ChesapeakeBay","one",12
"186","c12t3bf","bilgebiofilm","Baltimore","nonfilter",NA,NA,"Lookdown","ChesapeakeBay","three",12
"187","c12t3bw","bilgewater","Baltimore","nonfilter",NA,NA,"Lookdown","ChesapeakeBay","three",12
"188","c12t3hull","hull","Baltimore","nonfilter",NA,NA,"Lookdown","ChesapeakeBay","three",12
"189","c12t3post","openwater","Baltimore","post",NA,NA,"Lookdown","ChesapeakeBay","three",12
"190","c12t3pre","openwater","Baltimore","pre",NA,NA,"Lookdown","ChesapeakeBay","three",12
"191","c12t3rear","rear","Baltimore","nonfilter",NA,NA,"Lookdown","ChesapeakeBay","three",12
"192","c13t1bf","bilgebiofilm","Baltimore","nonfilter",NA,NA,"Callinectes","ChesapeakeBay","one",13
"193","c13t1bw","bilgewater","Baltimore","nonfilter",NA,NA,"Callinectes","ChesapeakeBay","one",13
"194","c13t1hull","hull","Baltimore","nonfilter",NA,NA,"Callinectes","ChesapeakeBay","one",13
"195","c13t1post","openwater","Baltimore","post",NA,NA,"Callinectes","ChesapeakeBay","one",13
"196","c13t1pre","openwater","Baltimore","pre",NA,NA,"Callinectes","ChesapeakeBay","one",13
"197","c13t1rear","rear","Baltimore","nonfilter",NA,NA,"Callinectes","ChesapeakeBay","one",13
"198","c13t2bf","bilgebiofilm","Norfolk","nonfilter",NA,NA,"Callinectes","ChesapeakeBay","two",29
"199","c13t2bw","bilgewater","Norfolk","nonfilter",NA,NA,"Callinectes","ChesapeakeBay","two",29
"200","c13t2hull","hull","Norfolk","nonfilter",NA,NA,"Callinectes","ChesapeakeBay","two",29
"201","c13t2post","openwater","Norfolk","post",NA,NA,"Callinectes","ChesapeakeBay","two",29
"202","c13t2pre","openwater","Norfolk","pre",NA,NA,"Callinectes","ChesapeakeBay","two",29
"203","c13t2rear","rear","Norfolk","nonfilter",NA,NA,"Callinectes","ChesapeakeBay","two",29
"204","c13t3bf","bilgebiofilm","Baltimore","nonfilter",NA,NA,"Lookdown","ChesapeakeBay","three",13
"205","c13t3bw","bilgewater","Baltimore","nonfilter",NA,NA,"Lookdown","ChesapeakeBay","three",13
"206","c13t3hull","hull","Baltimore","nonfilter",NA,NA,"Lookdown","ChesapeakeBay","three",13
"207","c13t3post","openwater","Baltimore","post",NA,NA,"Lookdown","ChesapeakeBay","three",13
"208","c13t3pre","openwater","Baltimore","pre",NA,NA,"Lookdown","ChesapeakeBay","three",13
"209","c13t3rear","rear","Baltimore","nonfilter",NA,NA,"Lookdown","ChesapeakeBay","three",13
"210","c13t4bf","bilgebiofilm","Norfolk","nonfilter",NA,NA,"Lookdown","ChesapeakeBay","four",29
"211","c13t4bw","bilgewater","Norfolk","nonfilter",NA,NA,"Lookdown","ChesapeakeBay","four",29
"212","c13t4hull","hull","Norfolk","nonfilter",NA,NA,"Lookdown","ChesapeakeBay","four",29
"213","c13t4post","openwater","Norfolk","post",NA,NA,"Lookdown","ChesapeakeBay","four",29
"214","c13t4pre","openwater","Norfolk","pre",NA,NA,"Lookdown","ChesapeakeBay","four",29
"215","c13t4rear","rear","Norfolk","nonfilter",NA,NA,"Lookdown","ChesapeakeBay","four",29
"216","c14t1bf","bilgebiofilm","Baltimore","nonfilter",NA,NA,"Callinectes","ChesapeakeBay","one",14
"217","c14t1bw","bilgewater","Baltimore","nonfilter",NA,NA,"Callinectes","ChesapeakeBay","one",14
"218","c14t1hull","hull","Baltimore","nonfilter",NA,NA,"Callinectes","ChesapeakeBay","one",14
"219","c14t1post","openwater","Baltimore","post",NA,NA,"Callinectes","ChesapeakeBay","one",14
"220","c14t1pre","openwater","Baltimore","pre",NA,NA,"Callinectes","ChesapeakeBay","one",14
"221","c14t1rear","rear","Baltimore","nonfilter",NA,NA,"Callinectes","ChesapeakeBay","one",14
"222","c14t3bf","bilgebiofilm","Baltimore","nonfilter",NA,NA,"Lookdown","ChesapeakeBay","three",14
"223","c14t3bw","bilgewater","Baltimore","nonfilter",NA,NA,"Lookdown","ChesapeakeBay","three",14
"224","c14t3hull","hull","Baltimore","nonfilter",NA,NA,"Lookdown","ChesapeakeBay","three",14
"225","c14t3post","openwater","Baltimore","post",NA,NA,"Lookdown","ChesapeakeBay","three",14
"226","c14t3pre","openwater","Baltimore","pre",NA,NA,"Lookdown","ChesapeakeBay","three",14
"227","c14t3rear","rear","Baltimore","nonfilter",NA,NA,"Lookdown","ChesapeakeBay","three",14
"228","c15t1bf","bilgebiofilm","Baltimore","nonfilter",NA,NA,"Callinectes","ChesapeakeBay","one",15
"229","c15t1bw","bilgewater","Baltimore","nonfilter",NA,NA,"Callinectes","ChesapeakeBay","one",15
"230","c15t1hull","hull","Baltimore","nonfilter",NA,NA,"Callinectes","ChesapeakeBay","one",15
"231","c15t1post","openwater","Baltimore","post",NA,NA,"Callinectes","ChesapeakeBay","one",15
"232","c15t1pre","openwater","Baltimore","pre",NA,NA,"Callinectes","ChesapeakeBay","one",15
"233","c15t1rear","rear","Baltimore","nonfilter",NA,NA,"Callinectes","ChesapeakeBay","one",15
"234","c15t2bf","bilgebiofilm","Norfolk","nonfilter",NA,NA,"Callinectes","ChesapeakeBay","two",30
"235","c15t2hull","hull","Norfolk","nonfilter",NA,NA,"Callinectes","ChesapeakeBay","two",30
"236","c15t2post","openwater","Norfolk","post",NA,NA,"Callinectes","ChesapeakeBay","two",30
"237","c15t2pre","openwater","Norfolk","pre",NA,NA,"Callinectes","ChesapeakeBay","two",30
"238","c15t3bf","bilgebiofilm","Baltimore","nonfilter",NA,NA,"Lookdown","ChesapeakeBay","three",15
"239","c15t3bw","bilgewater","Baltimore","nonfilter",NA,NA,"Lookdown","ChesapeakeBay","three",15
"240","c15t3hull","hull","Baltimore","nonfilter",NA,NA,"Lookdown","ChesapeakeBay","three",15
"241","c15t3post","openwater","Baltimore","post",NA,NA,"Lookdown","ChesapeakeBay","three",15
"242","c15t3pre","openwater","Baltimore","pre",NA,NA,"Lookdown","ChesapeakeBay","three",15
"243","c15t3rear","rear","Baltimore","nonfilter",NA,NA,"Lookdown","ChesapeakeBay","three",15
"244","c15t4bf","bilgebiofilm","Norfolk","nonfilter",NA,NA,"Lookdown","ChesapeakeBay","four",30
"245","c15t4bw","bilgewater","Norfolk","nonfilter",NA,NA,"Lookdown","ChesapeakeBay","four",30
"246","c15t4hull","hull","Norfolk","nonfilter",NA,NA,"Lookdown","ChesapeakeBay","four",30
"247","c15t4post","openwater","Norfolk","post",NA,NA,"Lookdown","ChesapeakeBay","four",30
"248","c15t4pre","openwater","Norfolk","pre",NA,NA,"Lookdown","ChesapeakeBay","four",30
"249","c15t4rear","rear","Norfolk","nonfilter",NA,NA,"Lookdown","ChesapeakeBay","four",30
"250","c16t1bf","bilgebiofilm","Baltimore","nonfilter",NA,NA,"Callinectes","ChesapeakeBay","one",16
"251","c16t1bw","bilgewater","Baltimore","nonfilter",NA,NA,"Callinectes","ChesapeakeBay","one",16
"252","c16t1hull","hull","Baltimore","nonfilter",NA,NA,"Callinectes","ChesapeakeBay","one",16
"253","c16t1post","openwater","Baltimore","post",NA,NA,"Callinectes","ChesapeakeBay","one",16
"254","c16t1pre","openwater","Baltimore","pre",NA,NA,"Callinectes","ChesapeakeBay","one",16
"255","c16t1rear","rear","Baltimore","nonfilter",NA,NA,"Callinectes","ChesapeakeBay","one",16
"256","c16t3bf","bilgebiofilm","Baltimore","nonfilter",NA,NA,"Lookdown","ChesapeakeBay","three",16
"257","c16t3bw","bilgewater","Baltimore","nonfilter",NA,NA,"Lookdown","ChesapeakeBay","three",16
"258","c16t3hull","hull","Baltimore","nonfilter",NA,NA,"Lookdown","ChesapeakeBay","three",16
"259","c16t3post","openwater","Baltimore","post",NA,NA,"Lookdown","ChesapeakeBay","three",16
"260","c16t3pre","openwater","Baltimore","pre",NA,NA,"Lookdown","ChesapeakeBay","three",16
"261","c17t1bf","bilgebiofilm","Baltimore","nonfilter",NA,NA,"Callinectes","ChesapeakeBay","one",17
"262","c17t1bw","bilgewater","Baltimore","nonfilter",NA,NA,"Callinectes","ChesapeakeBay","one",17
"263","c17t1hull","hull","Baltimore","nonfilter",NA,NA,"Callinectes","ChesapeakeBay","one",17
"264","c17t1post","openwater","Baltimore","post",NA,NA,"Callinectes","ChesapeakeBay","one",17
"265","c17t1pre","openwater","Baltimore","pre",NA,NA,"Callinectes","ChesapeakeBay","one",17
"266","c17t1rear","rear","Baltimore","nonfilter",NA,NA,"Callinectes","ChesapeakeBay","one",17
"267","c17t2bf","bilgebiofilm","Norfolk","nonfilter",NA,NA,"Callinectes","ChesapeakeBay","two",31
"268","c17t2bw","bilgewater","Norfolk","nonfilter",NA,NA,"Callinectes","ChesapeakeBay","two",31
"269","c17t2post","openwater","Norfolk","post",NA,NA,"Callinectes","ChesapeakeBay","two",31
"270","c17t2pre","openwater","Norfolk","pre",NA,NA,"Callinectes","ChesapeakeBay","two",31
"271","c17t2rear","rear","Norfolk","nonfilter",NA,NA,"Callinectes","ChesapeakeBay","two",31
"272","c17t3bf","bilgebiofilm","Baltimore","nonfilter",NA,NA,"Lookdown","ChesapeakeBay","three",17
"273","c17t3bw","bilgewater","Baltimore","nonfilter",NA,NA,"Lookdown","ChesapeakeBay","three",17
"274","c17t3hull","hull","Baltimore","nonfilter",NA,NA,"Lookdown","ChesapeakeBay","three",17
"275","c17t3post","openwater","Baltimore","post",NA,NA,"Lookdown","ChesapeakeBay","three",17
"276","c17t3pre","openwater","Baltimore","pre",NA,NA,"Lookdown","ChesapeakeBay","three",17
"277","c17t3rear","rear","Baltimore","nonfilter",NA,NA,"Lookdown","ChesapeakeBay","three",17
"278","c17t4bf","bilgebiofilm","Norfolk","nonfilter",NA,NA,"Lookdown","ChesapeakeBay","four",31
"279","c17t4bw","bilgewater","Norfolk","nonfilter",NA,NA,"Lookdown","ChesapeakeBay","four",31
"280","c17t4hull","hull","Norfolk","nonfilter",NA,NA,"Lookdown","ChesapeakeBay","four",31
"281","c17t4post","openwater","Norfolk","post",NA,NA,"Lookdown","ChesapeakeBay","four",31
"282","c17t4pre","openwater","Norfolk","pre",NA,NA,"Lookdown","ChesapeakeBay","four",31
"283","c18t1bf","bilgebiofilm","Baltimore","nonfilter",NA,NA,"Callinectes","ChesapeakeBay","one",18
"284","c18t1bw","bilgewater","Baltimore","nonfilter",NA,NA,"Callinectes","ChesapeakeBay","one",18
"285","c18t1hull","hull","Baltimore","nonfilter",NA,NA,"Callinectes","ChesapeakeBay","one",18
"286","c18t1post","openwater","Baltimore","post",NA,NA,"Callinectes","ChesapeakeBay","one",18
"287","c18t1pre","openwater","Baltimore","pre",NA,NA,"Callinectes","ChesapeakeBay","one",18
"288","c18t1rear","rear","Baltimore","nonfilter",NA,NA,"Callinectes","ChesapeakeBay","one",18
"289","c18t3bf","bilgebiofilm","Baltimore","nonfilter",NA,NA,"Lookdown","ChesapeakeBay","three",18
"290","c18t3bw","bilgewater","Baltimore","nonfilter",NA,NA,"Lookdown","ChesapeakeBay","three",18
"291","c18t3hull","hull","Baltimore","nonfilter",NA,NA,"Lookdown","ChesapeakeBay","three",18
"292","c18t3post","openwater","Baltimore","post",NA,NA,"Lookdown","ChesapeakeBay","three",18
"293","c18t3pre","openwater","Baltimore","pre",NA,NA,"Lookdown","ChesapeakeBay","three",18
"294","c18t3rear","rear","Baltimore","nonfilter",NA,NA,"Lookdown","ChesapeakeBay","three",18
"295","c19t1bf","bilgebiofilm","Baltimore","nonfilter",NA,NA,"Callinectes","ChesapeakeBay","one",19
"296","c19t1bw","bilgewater","Baltimore","nonfilter",NA,NA,"Callinectes","ChesapeakeBay","one",19
"297","c19t1post","openwater","Baltimore","post",NA,NA,"Callinectes","ChesapeakeBay","one",19
"298","c19t1pre","openwater","Baltimore","pre",NA,NA,"Callinectes","ChesapeakeBay","one",19
"299","c19t2bf","bilgebiofilm","Norfolk","nonfilter",NA,NA,"Callinectes","ChesapeakeBay","two",32
"300","c19t2bw","bilgewater","Norfolk","nonfilter",NA,NA,"Callinectes","ChesapeakeBay","two",32
"301","c19t2hull","hull","Norfolk","nonfilter",NA,NA,"Callinectes","ChesapeakeBay","two",32
"302","c19t2post","openwater","Norfolk","post",NA,NA,"Callinectes","ChesapeakeBay","two",32
"303","c19t2pre","openwater","Norfolk","pre",NA,NA,"Callinectes","ChesapeakeBay","two",32
"304","c19t2rear","rear","Norfolk","nonfilter",NA,NA,"Callinectes","ChesapeakeBay","two",32
"305","c19t3bf","bilgebiofilm","Baltimore","nonfilter",NA,NA,"Lookdown","ChesapeakeBay","three",19
"306","c19t3bw","bilgewater","Baltimore","nonfilter",NA,NA,"Lookdown","ChesapeakeBay","three",19
"307","c19t3hull","hull","Baltimore","nonfilter",NA,NA,"Lookdown","ChesapeakeBay","three",19
"308","c19t3post","openwater","Baltimore","post",NA,NA,"Lookdown","ChesapeakeBay","three",19
"309","c19t3pre","openwater","Baltimore","pre",NA,NA,"Lookdown","ChesapeakeBay","three",19
"310","c19t3rear","rear","Baltimore","nonfilter",NA,NA,"Lookdown","ChesapeakeBay","three",19
"311","c19t4bf","bilgebiofilm","Norfolk","nonfilter",NA,NA,"Lookdown","ChesapeakeBay","four",32
"312","c19t4bw","bilgewater","Norfolk","nonfilter",NA,NA,"Lookdown","ChesapeakeBay","four",32
"313","c19t4hull","hull","Norfolk","nonfilter",NA,NA,"Lookdown","ChesapeakeBay","four",32
"314","c19t4post","openwater","Norfolk","post",NA,NA,"Lookdown","ChesapeakeBay","four",32
"315","c19t4pre","openwater","Norfolk","pre",NA,NA,"Lookdown","ChesapeakeBay","four",32
"316","c19t4rear","rear","Norfolk","nonfilter",NA,NA,"Lookdown","ChesapeakeBay","four",32
"317","c1t1bf","bilgebiofilm","Baltimore","nonfilter",NA,NA,"Callinectes","ChesapeakeBay","one",1
"318","c1t1bw","bilgewater","Baltimore","nonfilter",NA,NA,"Callinectes","ChesapeakeBay","one",1
"319","c1t1hull","hull","Baltimore","nonfilter",NA,NA,"Callinectes","ChesapeakeBay","one",1
"320","c1t1post","openwater","Baltimore","post",NA,NA,"Callinectes","ChesapeakeBay","one",1
"321","c1t1pre","openwater","Baltimore","pre",NA,NA,"Callinectes","ChesapeakeBay","one",1
"322","c1t1rear","rear","Baltimore","nonfilter",NA,NA,"Callinectes","ChesapeakeBay","one",1
"323","c1t3bf","bilgebiofilm","Baltimore","nonfilter",NA,NA,"Lookdown","ChesapeakeBay","three",1
"324","c1t3bw","bilgewater","Baltimore","nonfilter",NA,NA,"Lookdown","ChesapeakeBay","three",1
"325","c1t3hull","hull","Baltimore","nonfilter",NA,NA,"Lookdown","ChesapeakeBay","three",1
"326","c1t3post","openwater","Baltimore","post",NA,NA,"Lookdown","ChesapeakeBay","three",1
"327","c1t3pre","openwater","Baltimore","pre",NA,NA,"Lookdown","ChesapeakeBay","three",1
"328","c1t3rear","rear","Baltimore","nonfilter",NA,NA,"Lookdown","ChesapeakeBay","three",1
"329","c20t1bf","bilgebiofilm","Baltimore","nonfilter",NA,NA,"Callinectes","ChesapeakeBay","one",20
"330","c20t1bw","bilgewater","Baltimore","nonfilter",NA,NA,"Callinectes","ChesapeakeBay","one",20
"331","c20t1hull","hull","Baltimore","nonfilter",NA,NA,"Callinectes","ChesapeakeBay","one",20
"332","c20t1post","openwater","Baltimore","post",NA,NA,"Callinectes","ChesapeakeBay","one",20
"333","c20t1pre","openwater","Baltimore","pre",NA,NA,"Callinectes","ChesapeakeBay","one",20
"334","c20t1rear","rear","Baltimore","nonfilter",NA,NA,"Callinectes","ChesapeakeBay","one",20
"335","c20t3bf","bilgebiofilm","Baltimore","nonfilter",NA,NA,"Lookdown","ChesapeakeBay","three",20
"336","c20t3bw","bilgewater","Baltimore","nonfilter",NA,NA,"Lookdown","ChesapeakeBay","three",20
"337","c20t3hull","hull","Baltimore","nonfilter",NA,NA,"Lookdown","ChesapeakeBay","three",20
"338","c20t3post","openwater","Baltimore","post",NA,NA,"Lookdown","ChesapeakeBay","three",20
"339","c20t3pre","openwater","Baltimore","pre",NA,NA,"Lookdown","ChesapeakeBay","three",20
"340","c20t3rear","rear","Baltimore","nonfilter",NA,NA,"Lookdown","ChesapeakeBay","three",20
"341","c21t1bf","bilgebiofilm","Baltimore","nonfilter",NA,NA,"Callinectes","ChesapeakeBay","one",21
"342","c21t1bw","bilgewater","Baltimore","nonfilter",NA,NA,"Callinectes","ChesapeakeBay","one",21
"343","c21t1hull","hull","Baltimore","nonfilter",NA,NA,"Callinectes","ChesapeakeBay","one",21
"344","c21t1post","openwater","Baltimore","post",NA,NA,"Callinectes","ChesapeakeBay","one",21
"345","c21t1pre","openwater","Baltimore","pre",NA,NA,"Callinectes","ChesapeakeBay","one",21
"346","c21t1rear","rear","Baltimore","nonfilter",NA,NA,"Callinectes","ChesapeakeBay","one",21
"347","c21t2bf","bilgebiofilm","Norfolk","nonfilter",NA,NA,"Callinectes","ChesapeakeBay","two",33
"348","c21t2bw","bilgewater","Norfolk","nonfilter",NA,NA,"Callinectes","ChesapeakeBay","two",33
"349","c21t2hull","hull","Norfolk","nonfilter",NA,NA,"Callinectes","ChesapeakeBay","two",33
"350","c21t2post","openwater","Norfolk","post",NA,NA,"Callinectes","ChesapeakeBay","two",33
"351","c21t2pre","openwater","Norfolk","pre",NA,NA,"Callinectes","ChesapeakeBay","two",33
"352","c21t2rear","rear","Norfolk","nonfilter",NA,NA,"Callinectes","ChesapeakeBay","two",33
"353","c21t3bf","bilgebiofilm","Baltimore","nonfilter",NA,NA,"Lookdown","ChesapeakeBay","three",21
"354","c21t3bw","bilgewater","Baltimore","nonfilter",NA,NA,"Lookdown","ChesapeakeBay","three",21
"355","c21t3hull","hull","Baltimore","nonfilter",NA,NA,"Lookdown","ChesapeakeBay","three",21
"356","c21t3post","openwater","Baltimore","post",NA,NA,"Lookdown","ChesapeakeBay","three",21
"357","c21t3pre","openwater","Baltimore","pre",NA,NA,"Lookdown","ChesapeakeBay","three",21
"358","c21t3rear","rear","Baltimore","nonfilter",NA,NA,"Lookdown","ChesapeakeBay","three",21
"359","c21t4bf","bilgebiofilm","Norfolk","nonfilter",NA,NA,"Lookdown","ChesapeakeBay","four",33
"360","c21t4bw","bilgewater","Norfolk","nonfilter",NA,NA,"Lookdown","ChesapeakeBay","four",33
"361","c21t4hull","hull","Norfolk","nonfilter",NA,NA,"Lookdown","ChesapeakeBay","four",33
"362","c21t4post","openwater","Norfolk","post",NA,NA,"Lookdown","ChesapeakeBay","four",33
"363","c21t4pre","openwater","Norfolk","pre",NA,NA,"Lookdown","ChesapeakeBay","four",33
"364","c21t4rear","rear","Norfolk","nonfilter",NA,NA,"Lookdown","ChesapeakeBay","four",33
"365","c22t1bf","bilgebiofilm","Baltimore","nonfilter",NA,NA,"Callinectes","ChesapeakeBay","one",22
"366","c22t1bw","bilgewater","Baltimore","nonfilter",NA,NA,"Callinectes","ChesapeakeBay","one",22
"367","c22t1hull","hull","Baltimore","nonfilter",NA,NA,"Callinectes","ChesapeakeBay","one",22
"368","c22t1post","openwater","Baltimore","post",NA,NA,"Callinectes","ChesapeakeBay","one",22
"369","c22t1pre","openwater","Baltimore","pre",NA,NA,"Callinectes","ChesapeakeBay","one",22
"370","c22t1rear","rear","Baltimore","nonfilter",NA,NA,"Callinectes","ChesapeakeBay","one",22
"371","c22t3bf","bilgebiofilm","Baltimore","nonfilter",NA,NA,"Lookdown","ChesapeakeBay","three",22
"372","c22t3bw","bilgewater","Baltimore","nonfilter",NA,NA,"Lookdown","ChesapeakeBay","three",22
"373","c22t3post","openwater","Baltimore","post",NA,NA,"Lookdown","ChesapeakeBay","three",22
"374","c22t3pre","openwater","Baltimore","pre",NA,NA,"Lookdown","ChesapeakeBay","three",22
"375","c22t3rear","rear","Baltimore","nonfilter",NA,NA,"Lookdown","ChesapeakeBay","three",22
"376","c23t1bf","bilgebiofilm","Baltimore","nonfilter",NA,NA,"Callinectes","ChesapeakeBay","one",23
"377","c23t1bw","bilgewater","Baltimore","nonfilter",NA,NA,"Callinectes","ChesapeakeBay","one",23
"378","c23t1hull","hull","Baltimore","nonfilter",NA,NA,"Callinectes","ChesapeakeBay","one",23
"379","c23t1post","openwater","Baltimore","post",NA,NA,"Callinectes","ChesapeakeBay","one",23
"380","c23t1pre","openwater","Baltimore","pre",NA,NA,"Callinectes","ChesapeakeBay","one",23
"381","c23t1rear","rear","Baltimore","nonfilter",NA,NA,"Callinectes","ChesapeakeBay","one",23
"382","c23t2bf","bilgebiofilm","Norfolk","nonfilter",NA,NA,"Callinectes","ChesapeakeBay","two",34
"383","c23t2bw","bilgewater","Norfolk","nonfilter",NA,NA,"Callinectes","ChesapeakeBay","two",34
"384","c23t2post","openwater","Norfolk","post",NA,NA,"Callinectes","ChesapeakeBay","two",34
"385","c23t2pre","openwater","Norfolk","pre",NA,NA,"Callinectes","ChesapeakeBay","two",34
"386","c23t2rear","rear","Norfolk","nonfilter",NA,NA,"Callinectes","ChesapeakeBay","two",34
"387","c23t3bf","bilgebiofilm","Baltimore","nonfilter",NA,NA,"Lookdown","ChesapeakeBay","three",23
"388","c23t3bw","bilgewater","Baltimore","nonfilter",NA,NA,"Lookdown","ChesapeakeBay","three",23
"389","c23t3post","openwater","Baltimore","post",NA,NA,"Lookdown","ChesapeakeBay","three",23
"390","c23t3pre","openwater","Baltimore","pre",NA,NA,"Lookdown","ChesapeakeBay","three",23
"391","c23t3rear","rear","Baltimore","nonfilter",NA,NA,"Lookdown","ChesapeakeBay","three",23
"392","c23t4bf","bilgebiofilm","Norfolk","nonfilter",NA,NA,"Lookdown","ChesapeakeBay","four",34
"393","c23t4bw","bilgewater","Norfolk","nonfilter",NA,NA,"Lookdown","ChesapeakeBay","four",34
"394","c23t4hull","hull","Norfolk","nonfilter",NA,NA,"Lookdown","ChesapeakeBay","four",34
"395","c23t4post","openwater","Norfolk","post",NA,NA,"Lookdown","ChesapeakeBay","four",34
"396","c23t4pre","openwater","Norfolk","pre",NA,NA,"Lookdown","ChesapeakeBay","four",34
"397","c23t4rear","rear","Norfolk","nonfilter",NA,NA,"Lookdown","ChesapeakeBay","four",34
"398","c24t1bf","bilgebiofilm","Baltimore","nonfilter",NA,NA,"Callinectes","ChesapeakeBay","one",24
"399","c24t1bw","bilgewater","Baltimore","nonfilter",NA,NA,"Callinectes","ChesapeakeBay","one",24
"400","c24t1hull","hull","Baltimore","nonfilter",NA,NA,"Callinectes","ChesapeakeBay","one",24
"401","c24t1post","openwater","Baltimore","post",NA,NA,"Callinectes","ChesapeakeBay","one",24
"402","c24t1pre","openwater","Baltimore","pre",NA,NA,"Callinectes","ChesapeakeBay","one",24
"403","c24t1rear","rear","Baltimore","nonfilter",NA,NA,"Callinectes","ChesapeakeBay","one",24
"404","c24t3bf","bilgebiofilm","Baltimore","nonfilter",NA,NA,"Lookdown","ChesapeakeBay","three",24
"405","c24t3bw","bilgewater","Baltimore","nonfilter",NA,NA,"Lookdown","ChesapeakeBay","three",24
"406","c24t3hull","hull","Baltimore","nonfilter",NA,NA,"Lookdown","ChesapeakeBay","three",24
"407","c24t3post","openwater","Baltimore","post",NA,NA,"Lookdown","ChesapeakeBay","three",24
"408","c24t3pre","openwater","Baltimore","pre",NA,NA,"Lookdown","ChesapeakeBay","three",24
"409","c25t1bf","bilgebiofilm","Baltimore","nonfilter",NA,NA,"Callinectes","ChesapeakeBay","one",25
"410","c25t1hull","hull","Baltimore","nonfilter",NA,NA,"Callinectes","ChesapeakeBay","one",25
"411","c25t1post","openwater","Baltimore","post",NA,NA,"Callinectes","ChesapeakeBay","one",25
"412","c25t1pre","openwater","Baltimore","pre",NA,NA,"Callinectes","ChesapeakeBay","one",25
"413","c25t1rear","rear","Baltimore","nonfilter",NA,NA,"Callinectes","ChesapeakeBay","one",25
"414","c25t2bf","bilgebiofilm","Norfolk","nonfilter",NA,NA,"Callinectes","ChesapeakeBay","two",35
"415","c25t2bw","bilgewater","Norfolk","nonfilter",NA,NA,"Callinectes","ChesapeakeBay","two",35
"416","c25t2hull","hull","Norfolk","nonfilter",NA,NA,"Callinectes","ChesapeakeBay","two",35
"417","c25t2post","openwater","Norfolk","post",NA,NA,"Callinectes","ChesapeakeBay","two",35
"418","c25t2pre","openwater","Norfolk","pre",NA,NA,"Callinectes","ChesapeakeBay","two",35
"419","c25t2rear","rear","Norfolk","nonfilter",NA,NA,"Callinectes","ChesapeakeBay","two",35
"420","c25t3bf","bilgebiofilm","Baltimore","nonfilter",NA,NA,"Lookdown","ChesapeakeBay","three",25
"421","c25t3bw","bilgewater","Baltimore","nonfilter",NA,NA,"Lookdown","ChesapeakeBay","three",25
"422","c25t3hull","hull","Baltimore","nonfilter",NA,NA,"Lookdown","ChesapeakeBay","three",25
"423","c25t3post","openwater","Baltimore","post",NA,NA,"Lookdown","ChesapeakeBay","three",25
"424","c25t3pre","openwater","Baltimore","pre",NA,NA,"Lookdown","ChesapeakeBay","three",25
"425","c25t3rear","rear","Baltimore","nonfilter",NA,NA,"Lookdown","ChesapeakeBay","three",25
"426","c25t4bf","bilgebiofilm","Norfolk","nonfilter",NA,NA,"Lookdown","ChesapeakeBay","four",35
"427","c25t4bw","bilgewater","Norfolk","nonfilter",NA,NA,"Lookdown","ChesapeakeBay","four",35
"428","c25t4hull","hull","Norfolk","nonfilter",NA,NA,"Lookdown","ChesapeakeBay","four",35
"429","c25t4post","openwater","Norfolk","post",NA,NA,"Lookdown","ChesapeakeBay","four",35
"430","c25t4pre","openwater","Norfolk","pre",NA,NA,"Lookdown","ChesapeakeBay","four",35
"431","c26t2bf","bilgebiofilm","Norfolk","nonfilter",NA,NA,"Callinectes","ChesapeakeBay","two",36
"432","c26t2bw","bilgewater","Norfolk","nonfilter",NA,NA,"Callinectes","ChesapeakeBay","two",36
"433","c26t2hull","hull","Norfolk","nonfilter",NA,NA,"Callinectes","ChesapeakeBay","two",36
"434","c26t2post","openwater","Norfolk","post",NA,NA,"Callinectes","ChesapeakeBay","two",36
"435","c26t2pre","openwater","Norfolk","pre",NA,NA,"Callinectes","ChesapeakeBay","two",36
"436","c26t2rear","rear","Norfolk","nonfilter",NA,NA,"Callinectes","ChesapeakeBay","two",36
"437","c26t4bf","bilgebiofilm","Norfolk","nonfilter",NA,NA,"Lookdown","ChesapeakeBay","four",36
"438","c26t4bw","bilgewater","Norfolk","nonfilter",NA,NA,"Lookdown","ChesapeakeBay","four",36
"439","c26t4hull","hull","Norfolk","nonfilter",NA,NA,"Lookdown","ChesapeakeBay","four",36
"440","c26t4post","openwater","Norfolk","post",NA,NA,"Lookdown","ChesapeakeBay","four",36
"441","c26t4pre","openwater","Norfolk","pre",NA,NA,"Lookdown","ChesapeakeBay","four",36
"442","c26t4rear","rear","Norfolk","nonfilter",NA,NA,"Lookdown","ChesapeakeBay","four",36
"443","c27t2bf","bilgebiofilm","Norfolk","nonfilter",NA,NA,"Callinectes","ChesapeakeBay","two",37
"444","c27t2bw","bilgewater","Norfolk","nonfilter",NA,NA,"Callinectes","ChesapeakeBay","two",37
"445","c27t2hull","hull","Norfolk","nonfilter",NA,NA,"Callinectes","ChesapeakeBay","two",37
"446","c27t2post","openwater","Norfolk","post",NA,NA,"Callinectes","ChesapeakeBay","two",37
"447","c27t2pre","openwater","Norfolk","pre",NA,NA,"Callinectes","ChesapeakeBay","two",37
"448","c27t2rear","rear","Norfolk","nonfilter",NA,NA,"Callinectes","ChesapeakeBay","two",37
"449","c27t4bf","bilgebiofilm","Norfolk","nonfilter",NA,NA,"Lookdown","ChesapeakeBay","four",37
"450","c27t4bw","bilgewater","Norfolk","nonfilter",NA,NA,"Lookdown","ChesapeakeBay","four",37
"451","c27t4hull","hull","Norfolk","nonfilter",NA,NA,"Lookdown","ChesapeakeBay","four",37
"452","c27t4post","openwater","Norfolk","post",NA,NA,"Lookdown","ChesapeakeBay","four",37
"453","c27t4pre","openwater","Norfolk","pre",NA,NA,"Lookdown","ChesapeakeBay","four",37
"454","c27t4rear","rear","Norfolk","nonfilter",NA,NA,"Lookdown","ChesapeakeBay","four",37
"455","c2t1bf","bilgebiofilm","Baltimore","nonfilter",NA,NA,"Callinectes","ChesapeakeBay","one",2
"456","c2t1bw","bilgewater","Baltimore","nonfilter",NA,NA,"Callinectes","ChesapeakeBay","one",2
"457","c2t1hull","hull","Baltimore","nonfilter",NA,NA,"Callinectes","ChesapeakeBay","one",2
"458","c2t1post","openwater","Baltimore","post",NA,NA,"Callinectes","ChesapeakeBay","one",2
"459","c2t1pre","openwater","Baltimore","pre",NA,NA,"Callinectes","ChesapeakeBay","one",2
"460","c2t1rear","rear","Baltimore","nonfilter",NA,NA,"Callinectes","ChesapeakeBay","one",2
"461","c2t3bf","bilgebiofilm","Baltimore","nonfilter",NA,NA,"Lookdown","ChesapeakeBay","three",2
"462","c2t3bw","bilgewater","Baltimore","nonfilter",NA,NA,"Lookdown","ChesapeakeBay","three",2
"463","c2t3hull","hull","Baltimore","nonfilter",NA,NA,"Lookdown","ChesapeakeBay","three",2
"464","c2t3post","openwater","Baltimore","post",NA,NA,"Lookdown","ChesapeakeBay","three",2
"465","c2t3pre","openwater","Baltimore","pre",NA,NA,"Lookdown","ChesapeakeBay","three",2
"466","c3t1bf","bilgebiofilm","Baltimore","nonfilter",NA,NA,"Callinectes","ChesapeakeBay","one",3
"467","c3t1bw","bilgewater","Baltimore","nonfilter",NA,NA,"Callinectes","ChesapeakeBay","one",3
"468","c3t1hull","hull","Baltimore","nonfilter",NA,NA,"Callinectes","ChesapeakeBay","one",3
"469","c3t1post","openwater","Baltimore","post",NA,NA,"Callinectes","ChesapeakeBay","one",3
"470","c3t1pre","openwater","Baltimore","pre",NA,NA,"Callinectes","ChesapeakeBay","one",3
"471","c3t1rear","rear","Baltimore","nonfilter",NA,NA,"Callinectes","ChesapeakeBay","one",3
"472","c3t3bf","bilgebiofilm","Baltimore","nonfilter",NA,NA,"Lookdown","ChesapeakeBay","three",3
"473","c3t3bw","bilgewater","Baltimore","nonfilter",NA,NA,"Lookdown","ChesapeakeBay","three",3
"474","c3t3hull","hull","Baltimore","nonfilter",NA,NA,"Lookdown","ChesapeakeBay","three",3
"475","c3t3post","openwater","Baltimore","post",NA,NA,"Lookdown","ChesapeakeBay","three",3
"476","c3t3pre","openwater","Baltimore","pre",NA,NA,"Lookdown","ChesapeakeBay","three",3
"477","c3t3rear","rear","Baltimore","nonfilter",NA,NA,"Lookdown","ChesapeakeBay","three",3
"478","c4t1bf","bilgebiofilm","Baltimore","nonfilter",NA,NA,"Callinectes","ChesapeakeBay","one",4
"479","c4t1bw","bilgewater","Baltimore","nonfilter",NA,NA,"Callinectes","ChesapeakeBay","one",4
"480","c4t1hull","hull","Baltimore","nonfilter",NA,NA,"Callinectes","ChesapeakeBay","one",4
"481","c4t1post","openwater","Baltimore","post",NA,NA,"Callinectes","ChesapeakeBay","one",4
"482","c4t1pre","openwater","Baltimore","pre",NA,NA,"Callinectes","ChesapeakeBay","one",4
"483","c4t1rear","rear","Baltimore","nonfilter",NA,NA,"Callinectes","ChesapeakeBay","one",4
"484","c4t3bf","bilgebiofilm","Baltimore","nonfilter",NA,NA,"Lookdown","ChesapeakeBay","three",4
"485","c4t3bw","bilgewater","Baltimore","nonfilter",NA,NA,"Lookdown","ChesapeakeBay","three",4
"486","c4t3hull","hull","Baltimore","nonfilter",NA,NA,"Lookdown","ChesapeakeBay","three",4
"487","c4t3post","openwater","Baltimore","post",NA,NA,"Lookdown","ChesapeakeBay","three",4
"488","c4t3pre","openwater","Baltimore","pre",NA,NA,"Lookdown","ChesapeakeBay","three",4
"489","c4t3rear","rear","Baltimore","nonfilter",NA,NA,"Lookdown","ChesapeakeBay","three",4
"490","c5t1bf","bilgebiofilm","Baltimore","nonfilter",NA,NA,"Callinectes","ChesapeakeBay","one",5
"491","c5t1bw","bilgewater","Baltimore","nonfilter",NA,NA,"Callinectes","ChesapeakeBay","one",5
"492","c5t1hull","hull","Baltimore","nonfilter",NA,NA,"Callinectes","ChesapeakeBay","one",5
"493","c5t1post","openwater","Baltimore","post",NA,NA,"Callinectes","ChesapeakeBay","one",5
"494","c5t1pre","openwater","Baltimore","pre",NA,NA,"Callinectes","ChesapeakeBay","one",5
"495","c5t1rear","rear","Baltimore","nonfilter",NA,NA,"Callinectes","ChesapeakeBay","one",5
"496","c5t3bf","bilgebiofilm","Baltimore","nonfilter",NA,NA,"Lookdown","ChesapeakeBay","three",5
"497","c5t3bw","bilgewater","Baltimore","nonfilter",NA,NA,"Lookdown","ChesapeakeBay","three",5
"498","c5t3hull","hull","Baltimore","nonfilter",NA,NA,"Lookdown","ChesapeakeBay","three",5
"499","c5t3post","openwater","Baltimore","post",NA,NA,"Lookdown","ChesapeakeBay","three",5
"500","c5t3pre","openwater","Baltimore","pre",NA,NA,"Lookdown","ChesapeakeBay","three",5
"501","c5t3rear","rear","Baltimore","nonfilter",NA,NA,"Lookdown","ChesapeakeBay","three",5
"502","c6t1bf","bilgebiofilm","Baltimore","nonfilter",NA,NA,"Callinectes","ChesapeakeBay","one",6
"503","c6t1bw","bilgewater","Baltimore","nonfilter",NA,NA,"Callinectes","ChesapeakeBay","one",6
"504","c6t1hull","hull","Baltimore","nonfilter",NA,NA,"Callinectes","ChesapeakeBay","one",6
"505","c6t1pre","openwater","Baltimore","pre",NA,NA,"Callinectes","ChesapeakeBay","one",6
"506","c6t1rear","rear","Baltimore","nonfilter",NA,NA,"Callinectes","ChesapeakeBay","one",6
"507","c6t3bf","bilgebiofilm","Baltimore","nonfilter",NA,NA,"Lookdown","ChesapeakeBay","three",6
"508","c6t3bw","bilgewater","Baltimore","nonfilter",NA,NA,"Lookdown","ChesapeakeBay","three",6
"509","c6t3hull","hull","Baltimore","nonfilter",NA,NA,"Lookdown","ChesapeakeBay","three",6
"510","c6t3post","openwater","Baltimore","post",NA,NA,"Lookdown","ChesapeakeBay","three",6
"511","c6t3pre","openwater","Baltimore","pre",NA,NA,"Lookdown","ChesapeakeBay","three",6
"512","c6t3rear","rear","Baltimore","nonfilter",NA,NA,"Lookdown","ChesapeakeBay","three",6
"513","c7t1bf","bilgebiofilm","Baltimore","nonfilter",NA,NA,"Callinectes","ChesapeakeBay","one",7
"514","c7t1bw","bilgewater","Baltimore","nonfilter",NA,NA,"Callinectes","ChesapeakeBay","one",7
"515","c7t1hull","hull","Baltimore","nonfilter",NA,NA,"Callinectes","ChesapeakeBay","one",7
"516","c7t1post","openwater","Baltimore","post",NA,NA,"Callinectes","ChesapeakeBay","one",7
"517","c7t1pre","openwater","Baltimore","pre",NA,NA,"Callinectes","ChesapeakeBay","one",7
"518","c7t1rear","rear","Baltimore","nonfilter",NA,NA,"Callinectes","ChesapeakeBay","one",7
"519","c7t3bf","bilgebiofilm","Baltimore","nonfilter",NA,NA,"Lookdown","ChesapeakeBay","three",7
"520","c7t3bw","bilgewater","Baltimore","nonfilter",NA,NA,"Lookdown","ChesapeakeBay","three",7
"521","c7t3post","openwater","Baltimore","post",NA,NA,"Lookdown","ChesapeakeBay","three",7
"522","c7t3pre","openwater","Baltimore","pre",NA,NA,"Lookdown","ChesapeakeBay","three",7
"523","c7t3rear","rear","Baltimore","nonfilter",NA,NA,"Lookdown","ChesapeakeBay","three",7
"524","c8t1bf","bilgebiofilm","Baltimore","nonfilter",NA,NA,"Callinectes","ChesapeakeBay","one",8
"525","c8t1bw","bilgewater","Baltimore","nonfilter",NA,NA,"Callinectes","ChesapeakeBay","one",8
"526","c8t1hull","hull","Baltimore","nonfilter",NA,NA,"Callinectes","ChesapeakeBay","one",8
"527","c8t1post","openwater","Baltimore","post",NA,NA,"Callinectes","ChesapeakeBay","one",8
"528","c8t1pre","openwater","Baltimore","pre",NA,NA,"Callinectes","ChesapeakeBay","one",8
"529","c8t1rear","rear","Baltimore","nonfilter",NA,NA,"Callinectes","ChesapeakeBay","one",8
"530","c8t3bf","bilgebiofilm","Baltimore","nonfilter",NA,NA,"Lookdown","ChesapeakeBay","three",8
"531","c8t3bw","bilgewater","Baltimore","nonfilter",NA,NA,"Lookdown","ChesapeakeBay","three",8
"532","c8t3hull","hull","Baltimore","nonfilter",NA,NA,"Lookdown","ChesapeakeBay","three",8
"533","c8t3post","openwater","Baltimore","post",NA,NA,"Lookdown","ChesapeakeBay","three",8
"534","c8t3pre","openwater","Baltimore","pre",NA,NA,"Lookdown","ChesapeakeBay","three",8
"535","c9t1bf","bilgebiofilm","Baltimore","nonfilter",NA,NA,"Callinectes","ChesapeakeBay","one",9
"536","c9t1bw","bilgewater","Baltimore","nonfilter",NA,NA,"Callinectes","ChesapeakeBay","one",9
"537","c9t1hull","hull","Baltimore","nonfilter",NA,NA,"Callinectes","ChesapeakeBay","one",9
"538","c9t1post","openwater","Baltimore","post",NA,NA,"Callinectes","ChesapeakeBay","one",9
"539","c9t1rear","rear","Baltimore","nonfilter",NA,NA,"Callinectes","ChesapeakeBay","one",9
"540","c9t3bf","bilgebiofilm","Baltimore","nonfilter",NA,NA,"Lookdown","ChesapeakeBay","three",9
"541","c9t3bw","bilgewater","Baltimore","nonfilter",NA,NA,"Lookdown","ChesapeakeBay","three",9
"542","c9t3hull","hull","Baltimore","nonfilter",NA,NA,"Lookdown","ChesapeakeBay","three",9
"543","c9t3post","openwater","Baltimore","post",NA,NA,"Lookdown","ChesapeakeBay","three",9
"544","c9t3pre","openwater","Baltimore","pre",NA,NA,"Lookdown","ChesapeakeBay","three",9
"545","c9t3rear","rear","Baltimore","nonfilter",NA,NA,"Lookdown","ChesapeakeBay","three",9
"546","intbilge1t0t2","bilgebiofilm","Norfolk","nonfilter",NA,NA,"Callinectes","ChesapeakeBay","two",44
"547","intbilge1tft2","bilgebiofilm","Norfolk","nonfilter",NA,NA,"Callinectes","ChesapeakeBay","two",44
"548","intbilge2t0t2","bilgebiofilm","Norfolk","nonfilter",NA,NA,"Callinectes","ChesapeakeBay","two",44
"549","intbilge2tft2","bilgebiofilm","Norfolk","nonfilter",NA,NA,"Callinectes","ChesapeakeBay","two",44
"550","t0t1bf1","bilgebiofilm","Baltimore","nonfilter",NA,NA,"Callinectes","ChesapeakeBay","one",0
"551","t0t1bf2","bilgebiofilm","Baltimore","nonfilter",NA,NA,"Callinectes","ChesapeakeBay","one",0
"552","t0t1bf3","bilgebiofilm","Baltimore","nonfilter",NA,NA,"Callinectes","ChesapeakeBay","one",0
"553","t0t1bw1","bilgewater","Baltimore","nonfilter",NA,NA,"Callinectes","ChesapeakeBay","one",0
"554","t0t1bw2","bilgewater","Baltimore","nonfilter",NA,NA,"Callinectes","ChesapeakeBay","one",0
"555","t0t1bw3","bilgewater","Baltimore","nonfilter",NA,NA,"Callinectes","ChesapeakeBay","one",0
"556","t0t1hull2","hull","Baltimore","nonfilter",NA,NA,"Callinectes","ChesapeakeBay","one",0
"557","t0t1hull3","hull","Baltimore","nonfilter",NA,NA,"Callinectes","ChesapeakeBay","one",0
"558","t0t1post","openwater","Baltimore","post",NA,NA,"Callinectes","ChesapeakeBay","one",0
"559","t0t1pre","openwater","Baltimore","pre",NA,NA,"Callinectes","ChesapeakeBay","one",0
"560","t0t1rear2","rear","Baltimore","nonfilter",NA,NA,"Callinectes","ChesapeakeBay","one",0
"561","t0t1rear3","rear","Baltimore","nonfilter",NA,NA,"Callinectes","ChesapeakeBay","one",0
"562","t0t2bf4","bilgebiofilm","Norfolk","nonfilter",NA,NA,"Callinectes","ChesapeakeBay","two",44
"563","t0t2bf5","bilgebiofilm","Norfolk","nonfilter",NA,NA,"Callinectes","ChesapeakeBay","two",44
"564","t0t2bw4","bilgewater","Norfolk","nonfilter",NA,NA,"Callinectes","ChesapeakeBay","two",44
"565","t0t2bw5","bilgewater","Norfolk","nonfilter",NA,NA,"Callinectes","ChesapeakeBay","two",44
"566","t0t2hull4","hull","Norfolk","nonfilter",NA,NA,"Callinectes","ChesapeakeBay","two",44
"567","t0t2hull5","hull","Norfolk","nonfilter",NA,NA,"Callinectes","ChesapeakeBay","two",44
"568","t0t2post4","openwater","Norfolk","post",NA,NA,"Callinectes","ChesapeakeBay","two",44
"569","t0t2post5","openwater","Norfolk","post",NA,NA,"Callinectes","ChesapeakeBay","two",44
"570","t0t2pre4","openwater","Norfolk","pre",NA,NA,"Callinectes","ChesapeakeBay","two",44
"571","t0t2pre5","openwater","Norfolk","pre",NA,NA,"Callinectes","ChesapeakeBay","two",44
"572","t0t2rear4","rear","Norfolk","nonfilter",NA,NA,"Callinectes","ChesapeakeBay","two",44
"573","t0t3bf6","bilgebiofilm","Baltimore","nonfilter",NA,NA,"Lookdown","ChesapeakeBay","three",0
"574","t0t3bf8","bilgebiofilm","Baltimore","nonfilter",NA,NA,"Lookdown","ChesapeakeBay","three",0
"575","t0t3bw6","bilgewater","Baltimore","nonfilter",NA,NA,"Lookdown","ChesapeakeBay","three",0
"576","t0t3bw8","bilgewater","Baltimore","nonfilter",NA,NA,"Lookdown","ChesapeakeBay","three",0
"577","t0t3hull8","hull","Baltimore","nonfilter",NA,NA,"Lookdown","ChesapeakeBay","three",0
"578","t0t3post6","openwater","Baltimore","post",NA,NA,"Lookdown","ChesapeakeBay","three",0
"579","t0t3post8","openwater","Baltimore","post",NA,NA,"Lookdown","ChesapeakeBay","three",0
"580","t0t3pre6","openwater","Baltimore","pre",NA,NA,"Lookdown","ChesapeakeBay","three",0
"581","t0t3pre8","openwater","Baltimore","pre",NA,NA,"Lookdown","ChesapeakeBay","three",0
"582","t0t3rear8","rear","Baltimore","nonfilter",NA,NA,"Lookdown","ChesapeakeBay","three",0
"583","t0t4bf","bilgebiofilm","Norfolk","nonfilter",NA,NA,"Lookdown","ChesapeakeBay","four",44
"584","t0t4bw","bilgewater","Norfolk","nonfilter",NA,NA,"Lookdown","ChesapeakeBay","four",44
"585","t0t4post","openwater","Norfolk","post",NA,NA,"Lookdown","ChesapeakeBay","four",44
"586","t0t4pre","openwater","Norfolk","pre",NA,NA,"Lookdown","ChesapeakeBay","four",44
"587","t0t4rear","rear","Norfolk","nonfilter",NA,NA,"Lookdown","ChesapeakeBay","four",44
"588","tf4post","openwater","Norfolk","post",NA,NA,"Lookdown","ChesapeakeBay","four",27
"589","tft1bf1","bilgebiofilm","Baltimore","nonfilter",NA,NA,"Callinectes","ChesapeakeBay","one",26
"590","tft1bf2","bilgebiofilm","Baltimore","nonfilter",NA,NA,"Callinectes","ChesapeakeBay","one",26
"591","tft1bw1","bilgewater","Baltimore","nonfilter",NA,NA,"Callinectes","ChesapeakeBay","one",26
"592","tft1bw2","bilgewater","Baltimore","nonfilter",NA,NA,"Callinectes","ChesapeakeBay","one",26
"593","tft1bw3","bilgewater","Baltimore","nonfilter",NA,NA,"Callinectes","ChesapeakeBay","one",26
"594","tft1hull1","hull","Baltimore","nonfilter",NA,NA,"Callinectes","ChesapeakeBay","one",26
"595","tft1hull3","hull","Baltimore","nonfilter",NA,NA,"Callinectes","ChesapeakeBay","one",26
"596","tft1post1","openwater","Baltimore","post",NA,NA,"Callinectes","ChesapeakeBay","one",26
"597","tft1post2","openwater","Baltimore","post",NA,NA,"Callinectes","ChesapeakeBay","one",26
"598","tft1post3","openwater","Baltimore","post",NA,NA,"Callinectes","ChesapeakeBay","one",26
"599","tft1pre1","openwater","Baltimore","pre",NA,NA,"Callinectes","ChesapeakeBay","one",26
"600","tft1pre2","openwater","Baltimore","pre",NA,NA,"Callinectes","ChesapeakeBay","one",26
"601","tft1pre3","openwater","Baltimore","pre",NA,NA,"Callinectes","ChesapeakeBay","one",26
"602","tft1rear1","rear","Baltimore","nonfilter",NA,NA,"Callinectes","ChesapeakeBay","one",26
"603","tft1rear2","rear","Baltimore","nonfilter",NA,NA,"Callinectes","ChesapeakeBay","one",26
"604","tft1rear3","rear","Baltimore","nonfilter",NA,NA,"Callinectes","ChesapeakeBay","one",26
"605","tft2bf4","bilgebiofilm","Norfolk","nonfilter",NA,NA,"Callinectes","ChesapeakeBay","two",26
"606","tft2bf5","bilgebiofilm","Norfolk","nonfilter",NA,NA,"Callinectes","ChesapeakeBay","two",26
"607","tft2bilgedrip","drip","Norfolk","drip",NA,NA,"Callinectes","ChesapeakeBay","two",26
"608","tft2bw4","bilgewater","Norfolk","nonfilter",NA,NA,"Callinectes","ChesapeakeBay","two",26
"609","tft2bw5","bilgewater","Norfolk","nonfilter",NA,NA,"Callinectes","ChesapeakeBay","two",26
"610","tft2hull4","hull","Norfolk","nonfilter",NA,NA,"Callinectes","ChesapeakeBay","two",26
"611","tft2hull5","hull","Norfolk","nonfilter",NA,NA,"Callinectes","ChesapeakeBay","two",26
"612","tft2post4","openwater","Norfolk","post",NA,NA,"Callinectes","ChesapeakeBay","two",26
"613","tft2post5","openwater","Norfolk","post",NA,NA,"Callinectes","ChesapeakeBay","two",26
"614","tft2pre4","openwater","Norfolk","pre",NA,NA,"Callinectes","ChesapeakeBay","two",26
"615","tft2pre5","openwater","Norfolk","pre",NA,NA,"Callinectes","ChesapeakeBay","two",26
"616","tft2rear4","rear","Norfolk","nonfilter",NA,NA,"Callinectes","ChesapeakeBay","two",26
"617","tft2rear5","rear","Norfolk","nonfilter",NA,NA,"Callinectes","ChesapeakeBay","two",26
"618","tft3bf7","bilgebiofilm","Baltimore","nonfilter",NA,NA,"Lookdown","ChesapeakeBay","three",26
"619","tft3bf9","bilgebiofilm","Baltimore","nonfilter",NA,NA,"Lookdown","ChesapeakeBay","three",26
"620","tft3bw7","bilgewater","Baltimore","nonfilter",NA,NA,"Lookdown","ChesapeakeBay","three",26
"621","tft3bw9","bilgewater","Baltimore","nonfilter",NA,NA,"Lookdown","ChesapeakeBay","three",26
"622","tft3hull7","hull","Baltimore","nonfilter",NA,NA,"Lookdown","ChesapeakeBay","three",26
"623","tft3hull9","hull","Baltimore","nonfilter",NA,NA,"Lookdown","ChesapeakeBay","three",26
"624","tft3post7","openwater","Baltimore","post",NA,NA,"Lookdown","ChesapeakeBay","three",26
"625","tft3post9","openwater","Baltimore","post",NA,NA,"Lookdown","ChesapeakeBay","three",26
"626","tft3pre7","openwater","Baltimore","pre",NA,NA,"Lookdown","ChesapeakeBay","three",26
"627","tft3pre9","openwater","Baltimore","pre",NA,NA,"Lookdown","ChesapeakeBay","three",26
"628","tft3rear7","rear","Baltimore","nonfilter",NA,NA,"Lookdown","ChesapeakeBay","three",26
"629","tft3rear9","rear","Baltimore","nonfilter",NA,NA,"Lookdown","ChesapeakeBay","three",26
"630","tft4bf","bilgebiofilm","Norfolk","nonfilter",NA,NA,"Lookdown","ChesapeakeBay","four",27
"631","tft4bw","bilgewater","Norfolk","nonfilter",NA,NA,"Lookdown","ChesapeakeBay","four",27
"632","tft4hull","hull","Norfolk","nonfilter",NA,NA,"Lookdown","ChesapeakeBay","four",27
"633","tft4pre","openwater","Norfolk","pre",NA,NA,"Lookdown","ChesapeakeBay","four",27
"634","tft4rear","rear","Norfolk","nonfilter",NA,NA,"Lookdown","ChesapeakeBay","four",27
"635","t0t1hull1",NA,"Baltimore",NA,NA,NA,"Callinectes","ChesapeakeBay","one",0
"636","t0t1trans",NA,"Baltimore",NA,NA,NA,"Callinectes","ChesapeakeBay","one",0
"637","t0t3hull3",NA,"Baltimore",NA,NA,NA,"Lookdown","ChesapeakeBay","three",0
"638","BALT1","openwater","Baltimore","pre",NA,NA,"other","DARPA","zero",0
"639","BALT10","openwater","Baltimore","pre",NA,NA,"other","DARPA","zero",0
"640","BALT10post","openwater","Baltimore","post",NA,NA,"other","DARPA","zero",0
"641","BALT11","openwater","Baltimore","pre",NA,NA,"other","DARPA","zero",0
"642","BALT11post","openwater","Baltimore","post",NA,NA,"other","DARPA","zero",0
"643","BALT12","openwater","Baltimore","pre",NA,NA,"other","DARPA","zero",0
"644","BALT12post","openwater","Baltimore","post",NA,NA,"other","DARPA","zero",0
"645","BALT13","openwater","Baltimore","pre",NA,NA,"other","DARPA","zero",0
"646","BALT13post","openwater","Baltimore","post",NA,NA,"other","DARPA","zero",0
"647","BALT14","openwater","Baltimore","pre",NA,NA,"other","DARPA","zero",0
"648","BALT14post","openwater","Baltimore","post",NA,NA,"other","DARPA","zero",0
"649","BALT15","openwater","Baltimore","pre",NA,NA,"other","DARPA","zero",0
"650","BALT15post","openwater","Baltimore","post",NA,NA,"other","DARPA","zero",0
"651","BALT16","openwater","Baltimore","pre",NA,NA,"other","DARPA","zero",0
"652","BALT16post","openwater","Baltimore","post",NA,NA,"other","DARPA","zero",0
"653","BALT17","openwater","Baltimore","pre",NA,NA,"other","DARPA","zero",0
"654","BALT17post","openwater","Baltimore","post",NA,NA,"other","DARPA","zero",0
"655","BALT19","openwater","Baltimore","pre",NA,NA,"other","DARPA","zero",0
"656","BALT19post","openwater","Baltimore","post",NA,NA,"other","DARPA","zero",0
"657","BALT1post","openwater","Baltimore","post",NA,NA,"other","DARPA","zero",0
"658","BALT2","openwater","Baltimore","pre",NA,NA,"other","DARPA","zero",0
"659","BALT20","openwater","Baltimore","pre",NA,NA,"other","DARPA","zero",0
"660","BALT20post","openwater","Baltimore","post",NA,NA,"other","DARPA","zero",0
"661","BALT21","openwater","Baltimore","pre",NA,NA,"other","DARPA","zero",0
"662","BALT21post","openwater","Baltimore","post",NA,NA,"other","DARPA","zero",0
"663","BALT22","openwater","Baltimore","pre",NA,NA,"other","DARPA","zero",0
"664","BALT22post","openwater","Baltimore","post",NA,NA,"other","DARPA","zero",0
"665","BALT23","openwater","Baltimore","pre",NA,NA,"other","DARPA","zero",0
"666","BALT23post","openwater","Baltimore","post",NA,NA,"other","DARPA","zero",0
"667","BALT24","openwater","Baltimore","pre",NA,NA,"other","DARPA","zero",0
"668","BALT24post","openwater","Baltimore","post",NA,NA,"other","DARPA","zero",0
"669","BALT25","openwater","Baltimore","pre",NA,NA,"other","DARPA","zero",0
"670","BALT25post","openwater","Baltimore","post",NA,NA,"other","DARPA","zero",0
"671","BALT27","openwater","Baltimore","pre",NA,NA,"other","DARPA","zero",0
"672","BALT27post","openwater","Baltimore","post",NA,NA,"other","DARPA","zero",0
"673","BALT28","openwater","Baltimore","pre",NA,NA,"other","DARPA","zero",0
"674","BALT28point5","openwater","Baltimore","pre",NA,NA,"other","DARPA","zero",0
"675","BALT28point5post","openwater","Baltimore","post",NA,NA,"other","DARPA","zero",0
"676","BALT28post","openwater","Baltimore","post",NA,NA,"other","DARPA","zero",0
"677","BALT29","openwater","Baltimore","pre",NA,NA,"other","DARPA","zero",0
"678","BALT29post","openwater","Baltimore","post",NA,NA,"other","DARPA","zero",0
"679","BALT2post","openwater","Baltimore","post",NA,NA,"other","DARPA","zero",0
"680","BALT3","openwater","Baltimore","pre",NA,NA,"other","DARPA","zero",0
"681","BALT30","openwater","Baltimore","pre",NA,NA,"other","DARPA","zero",0
"682","BALT30post","openwater","Baltimore","post",NA,NA,"other","DARPA","zero",0
"683","BALT3post","openwater","Baltimore","post",NA,NA,"other","DARPA","zero",0
"684","BALT4","openwater","Baltimore","pre",NA,NA,"other","DARPA","zero",0
"685","BALT4post","openwater","Baltimore","post",NA,NA,"other","DARPA","zero",0
"686","BALT5","openwater","Baltimore","pre",NA,NA,"other","DARPA","zero",0
"687","BALT5post","openwater","Baltimore","post",NA,NA,"other","DARPA","zero",0
"688","BALT6","openwater","Baltimore","pre",NA,NA,"other","DARPA","zero",0
"689","BALT6post","openwater","Baltimore","post",NA,NA,"other","DARPA","zero",0
"690","BALT7","openwater","Baltimore","pre",NA,NA,"other","DARPA","zero",0
"691","BALT7post","openwater","Baltimore","post",NA,NA,"other","DARPA","zero",0
"692","BALT8","openwater","Baltimore","pre",NA,NA,"other","DARPA","zero",0
"693","BALT8point5","openwater","Baltimore","pre",NA,NA,"other","DARPA","zero",0
"694","BALT8point5post","openwater","Baltimore","post",NA,NA,"other","DARPA","zero",0
"695","BALT8post","openwater","Baltimore","post",NA,NA,"other","DARPA","zero",0
"696","BALT9","openwater","Baltimore","pre",NA,NA,"other","DARPA","zero",0
"697","BALT9post","openwater","Baltimore","post",NA,NA,"other","DARPA","zero",0
"698","B1swab","swab","Baltimore","pre",NA,NA,"other","DARPA","zero",0
"699","B2swab","swab","Baltimore","pre",NA,NA,"other","DARPA","zero",0
"700","B3swab","swab","Baltimore","pre",NA,NA,"other","DARPA","zero",0
"701","B4swab","swab","Baltimore","pre",NA,NA,"other","DARPA","zero",0
"702","B5swab","swab","Baltimore","pre",NA,NA,"other","DARPA","zero",0
"703","B6swab","swab","Baltimore","pre",NA,NA,"other","DARPA","zero",0
"704","B7swab","swab","Baltimore","pre",NA,NA,"other","DARPA","zero",0
"705","c2t3rear",NA,"Baltimore",NA,NA,NA,"Lookdown","ChesapeakeBay","three",2
"706","c6t1post",NA,"Baltimore",NA,NA,NA,"Callinectes","ChesapeakeBay","one",6
"707","c7t3hull",NA,"Baltimore",NA,NA,NA,"Lookdown","ChesapeakeBay","three",7
"708","c8t3rear",NA,"Baltimore",NA,NA,NA,"Lookdown","ChesapeakeBay","three",8
"709","c9t1pre",NA,"Baltimore",NA,NA,NA,"Callinectes","ChesapeakeBay","one",9
"710","c10t1pre",NA,"Baltimore",NA,NA,NA,"Callinectes","ChesapeakeBay","one",10
"711","c16t3rear",NA,"Baltimore",NA,NA,NA,"Lookdown","ChesapeakeBay","three",16
"712","c11t2hull",NA,"Norfolk","hull",NA,NA,"Callinectes","ChesapeakeBay","two",28
"713","c15t2bw",NA,"Norfolk","bilgewater",NA,NA,"Callinectes","ChesapeakeBay","two",30
"714","c15t2rear",NA,"Norfolk","rear",NA,NA,"Callinectes","ChesapeakeBay","two",30
"715","c17t4rear",NA,"Norfolk",NA,NA,NA,"Lookdown","ChesapeakeBay","four",31
"716","c22t3hull",NA,"Baltimore",NA,NA,NA,"Lookdown","ChesapeakeBay","three",22
"717","c23t3hull",NA,"Baltimore",NA,NA,NA,"Lookdown","ChesapeakeBay","three",23
"718","c24t3rear",NA,"Baltimore",NA,NA,NA,"Lookdown","ChesapeakeBay","three",24
"719","tft1bf3",NA,"Baltimore",NA,NA,NA,"Callinectes","ChesapeakeBay","one",26
"720","tft1hull2",NA,"Baltimore",NA,NA,NA,"Callinectes","ChesapeakeBay","one",26
"721","t0t4hull",NA,"Norfolk",NA,NA,NA,"Lookdown","ChesapeakeBay","four",44
"722","t0t2rear5",NA,"Norfolk","rear",NA,NA,"Callinectes","ChesapeakeBay","two",44
"723","NOF1","openwater","Norfolk","pre",NA,NA,"other","DARPA","zero",27
"724","NOF10","openwater","Norfolk","pre",NA,NA,"other","DARPA","zero",27
"725","NOF10post","openwater","Norfolk","post",NA,NA,"other","DARPA","zero",27
"726","NOF11","openwater","Norfolk","pre",NA,NA,"other","DARPA","zero",27
"727","NOF11post","openwater","Norfolk","post",NA,NA,"other","DARPA","zero",27
"728","NOF12","openwater","Norfolk","pre",NA,NA,"other","DARPA","zero",27
"729","NOF12post","openwater","Norfolk","post",NA,NA,"other","DARPA","zero",27
"730","NOF13","openwater","Norfolk","pre",NA,NA,"other","DARPA","zero",27
"731","NOF13post","openwater","Norfolk","post",NA,NA,"other","DARPA","zero",27
"732","NOF14","openwater","Norfolk","pre",NA,NA,"other","DARPA","zero",27
"733","NOF14post","openwater","Norfolk","post",NA,NA,"other","DARPA","zero",27
"734","NOF15","openwater","Norfolk","pre",NA,NA,"other","DARPA","zero",27
"735","NOF15post","openwater","Norfolk","post",NA,NA,"other","DARPA","zero",27
"736","NOF16","openwater","Norfolk","pre",NA,NA,"other","DARPA","zero",27
"737","NOF16post","openwater","Norfolk","post",NA,NA,"other","DARPA","zero",27
"738","NOF17","openwater","Norfolk","pre",NA,NA,"other","DARPA","zero",27
"739","NOF17post","openwater","Norfolk","post",NA,NA,"other","DARPA","zero",27
"740","NOF18","openwater","Norfolk","pre",NA,NA,"other","DARPA","zero",27
"741","NOF18post","openwater","Norfolk","post",NA,NA,"other","DARPA","zero",27
"742","NOF19","openwater","Norfolk","pre",NA,NA,"other","DARPA","zero",27
"743","NOF19post","openwater","Norfolk","post",NA,NA,"other","DARPA","zero",27
"744","NOF1post","openwater","Norfolk","post",NA,NA,"other","DARPA","zero",27
"745","NOF1swab","swab","Norfolk","pre",NA,NA,"other","DARPA","zero",27
"746","NOF2","openwater","Norfolk","pre",NA,NA,"other","DARPA","zero",27
"747","NOF20","openwater","Norfolk","pre",NA,NA,"other","DARPA","zero",27
"748","NOF20post","openwater","Norfolk","post",NA,NA,"other","DARPA","zero",27
"749","NOF21","openwater","Norfolk","pre",NA,NA,"other","DARPA","zero",27
"750","NOF21post","openwater","Norfolk","post",NA,NA,"other","DARPA","zero",27
"751","NOF22","openwater","Norfolk","pre",NA,NA,"other","DARPA","zero",27
"752","NOF22post","openwater","Norfolk","post",NA,NA,"other","DARPA","zero",27
"753","NOF23","openwater","Norfolk","pre",NA,NA,"other","DARPA","zero",27
"754","NOF23post","openwater","Norfolk","post",NA,NA,"other","DARPA","zero",27
"755","NOF24","openwater","Norfolk","pre",NA,NA,"other","DARPA","zero",27
"756","NOF24post","openwater","Norfolk","post",NA,NA,"other","DARPA","zero",27
"757","NOF25","openwater","Norfolk","pre",NA,NA,"other","DARPA","zero",27
"758","NOF25post","openwater","Norfolk","post",NA,NA,"other","DARPA","zero",27
"759","NOF26","openwater","Norfolk","pre",NA,NA,"other","DARPA","zero",27
"760","NOF26post","openwater","Norfolk","post",NA,NA,"other","DARPA","zero",27
"761","NOF27","openwater","Norfolk","pre",NA,NA,"other","DARPA","zero",27
"762","NOF27post","openwater","Norfolk","post",NA,NA,"other","DARPA","zero",27
"763","NOF28","openwater","Norfolk","pre",NA,NA,"other","DARPA","zero",27
"764","NOF28post","openwater","Norfolk","post",NA,NA,"other","DARPA","zero",27
"765","NOF29","openwater","Norfolk","pre",NA,NA,"other","DARPA","zero",27
"766","NOF29post","openwater","Norfolk","post",NA,NA,"other","DARPA","zero",27
"767","NOF2post","openwater","Norfolk","post",NA,NA,"other","DARPA","zero",27
"768","NOF2swab","swab","Norfolk","pre",NA,NA,"other","DARPA","zero",27
"769","NOF3","openwater","Norfolk","pre",NA,NA,"other","DARPA","zero",27
"770","NOF30","openwater","Norfolk","pre",NA,NA,"other","DARPA","zero",27
"771","NOF30post","openwater","Norfolk","post",NA,NA,"other","DARPA","zero",27
"772","NOF3post","openwater","Norfolk","post",NA,NA,"other","DARPA","zero",27
"773","NOF3swab","swab","Norfolk","pre",NA,NA,"other","DARPA","zero",27
"774","NOF4","openwater","Norfolk","pre",NA,NA,"other","DARPA","zero",27
"775","NOF4post","openwater","Norfolk","post",NA,NA,"other","DARPA","zero",27
"776","NOF4swab","swab","Norfolk","pre",NA,NA,"other","DARPA","zero",27
"777","NOF5","openwater","Norfolk","pre",NA,NA,"other","DARPA","zero",27
"778","NOF5post","openwater","Norfolk","post",NA,NA,"other","DARPA","zero",27
"779","NOF5swab","swab","Norfolk","pre",NA,NA,"other","DARPA","zero",27
"780","NOF6","openwater","Norfolk","pre",NA,NA,"other","DARPA","zero",27
"781","NOF6post","openwater","Norfolk","post",NA,NA,"other","DARPA","zero",27
"782","NOF6swab","swab","Norfolk","pre",NA,NA,"other","DARPA","zero",27
"783","NOF7","openwater","Norfolk","pre",NA,NA,"other","DARPA","zero",27
"784","NOF7post","openwater","Norfolk","post",NA,NA,"other","DARPA","zero",27
"785","NOF7swab","swab","Norfolk","pre",NA,NA,"other","DARPA","zero",27
"786","NOF8","openwater","Norfolk","pre",NA,NA,"other","DARPA","zero",27
"787","NOF8post","openwater","Norfolk","post",NA,NA,"other","DARPA","zero",27
"788","NOF8swab","swab","Norfolk","pre",NA,NA,"other","DARPA","zero",27
"789","NOF9","openwater","Norfolk","pre",NA,NA,"other","DARPA","zero",27
